month,No,CD4,PD-1,GAL 9 TIL,HLA TIL,score,F1,AUC
12,1,0.3844651186699761,0.09634674853925111,0.1247009346151532,0.39448719817561956,0.75,0.75,0.7619047619047621
12,2,0.3690768850437367,0.14257921271488497,0.2724934831891123,0.2158504190522661,0.6875,0.7368421052631579,0.6875
12,3,0.2971123260774814,0.13605415509178057,0.15898490466268128,0.4078486141680568,0.6875,0.6153846153846153,0.7222222222222222
12,4,0.3464636431266709,0.1939615638245794,0.18592235624865844,0.2736524368000912,0.875,0.9090909090909091,0.8545454545454546
12,5,0.3799861117609802,0.11815857269923911,0.2141529595915747,0.28770235594820587,0.625,0.7,0.6
12,6,0.4426505091953057,0.14367037375175545,0.14620471189502582,0.2674744051579131,0.625,0.6666666666666665,0.6333333333333334
12,7,0.2811888811990402,0.14770050961604322,0.1447974055748589,0.4263132036100578,0.5,0.5555555555555556,0.5
12,8,0.3504038865891102,0.062258306713107274,0.13846845741939015,0.4488693492783924,0.5625,0.6956521739130435,0.48333333333333334
12,9,0.3804336653474212,0.14633560011213975,0.1600588946509337,0.31317183988950537,0.625,0.6666666666666666,0.75
12,10,0.3361956618046695,0.10413177198839679,0.20838073820783148,0.35129182799910225,0.75,0.7777777777777777,0.7666666666666667
12,11,0.43518350304372133,0.15230221398928998,0.23315918060643492,0.17935510236055371,0.5625,0.6666666666666666,0.5166666666666667
12,12,0.4836694111207267,0.09650145870042219,0.24440507237730666,0.17542405780154452,0.625,0.7272727272727274,0.5873015873015872
12,13,0.4676501070767397,0.08434481846028649,0.15887438420084532,0.28913069026212845,0.6875,0.7826086956521738,0.6166666666666667
12,14,0.40545809323740273,0.14107828897813118,0.1865635390476141,0.2669000787368519,0.875,0.9090909090909091,0.8333333333333334
12,15,0.37935311025619145,0.08778076316539792,0.17893553590940273,0.35393059066900784,0.75,0.7777777777777778,0.746031746031746
12,16,0.3297529833171134,0.15154163052419817,0.20622557646868117,0.3124798096900074,0.5625,0.631578947368421,0.5625
12,17,0.3973073904807286,0.15562779771831745,0.17981980353437294,0.2672450082665811,0.6875,0.7058823529411765,0.6875
12,18,0.30099528572595685,0.053329421713235146,0.17251573700930256,0.47315955555150546,0.625,0.625,0.6666666666666667
12,19,0.42889227756011405,0.1469307462753929,0.0976680920248809,0.3265088841396121,0.5,0.4285714285714285,0.5666666666666668
12,20,0.36095842797366295,0.12117589381618353,0.20218252999444702,0.3156831482157066,0.6875,0.7368421052631577,0.6746031746031745
12,21,0.44679777265816945,0.11999168068781621,0.2485916775941815,0.18461886905983305,0.625,0.7272727272727273,0.5636363636363636
12,22,0.3708242412468391,0.10292354377912918,0.13259234893030658,0.3936598660437251,0.5625,0.631578947368421,0.625
12,23,0.46970744568622275,0.14738489497332374,0.1728333525485537,0.21007430679189987,0.625,0.6666666666666666,0.619047619047619
12,24,0.3686172537811116,0.18204902316926597,0.17295551400405615,0.2763782090455663,0.75,0.8333333333333333,0.6666666666666667
12,25,0.40255988355350075,0.11084781347225753,0.2672552545786134,0.21933704839562831,0.8125,0.8571428571428572,0.7833333333333334
12,26,0.4678149941839577,0.14937161748446645,0.1725659862824365,0.21024740204913928,0.6875,0.7368421052631577,0.6833333333333335
12,27,0.35109333875269644,0.16368187927247907,0.30438500323722056,0.1808397787376039,0.6875,0.761904761904762,0.6636363636363637
12,28,0.2953416267799724,0.16002095028604543,0.232966241303,0.3116711816309822,0.875,0.888888888888889,0.875
12,29,0.37711935794328044,0.16446037528958893,0.20566738080399308,0.25275288596313755,0.75,0.7777777777777777,0.75
12,30,0.5096141656630949,0.18790513999886982,0.06820403065461095,0.23427666368342437,0.5,0.5,0.5079365079365079
12,31,0.30054230611024685,0.08690287849306466,0.12619668581414026,0.48635812958254826,0.5625,0.46153846153846156,0.5952380952380952
12,32,0.3578914825864611,0.03212121649903948,0.15085514459962968,0.45913215631486975,0.625,0.6666666666666665,0.6333333333333334
12,33,0.3687694002154863,0.10505697621255322,0.2845678429705075,0.241605780601453,0.625,0.7272727272727272,0.5666666666666667
12,34,0.41339253324019976,0.051049010328985775,0.26660230733768703,0.2689561490931274,0.6875,0.761904761904762,0.6636363636363637
12,35,0.25686955674911605,0.09487191439916398,0.14038336862319925,0.5078751602285208,0.5625,0.6666666666666666,0.5166666666666667
12,36,0.4260339125926518,0.09599722340853127,0.05981646846071157,0.4181523955381054,0.5,0.5,0.5079365079365079
12,37,0.5266195249239788,0.0,0.2890278172778189,0.18435265779820237,0.625,0.6666666666666665,0.6507936507936507
12,38,0.32561100475175203,0.1317894535618051,0.18076802217539772,0.3618315195110451,0.6875,0.7368421052631577,0.6833333333333335
12,39,0.2982528904301338,0.1505630654143045,0.2209769965278607,0.330207047627701,0.5,0.5555555555555556,0.6923076923076923
12,40,0.4814787159640944,0.06870404186149634,0.2324540233921005,0.21736321878230877,0.6875,0.7826086956521738,0.6090909090909091
12,41,0.3914550271203812,0.10357229048523849,0.15519976984424108,0.34977291255013926,0.4375,0.47058823529411764,0.44999999999999996
12,42,0.2968834235667278,0.08958151447211982,0.12015501408862955,0.4933800478725229,0.5,0.6363636363636364,0.5
12,43,0.4875655946631366,0.1451224755727845,0.2599617845442911,0.1073501452197879,0.5625,0.6666666666666666,0.5181818181818182
12,44,0.3824807293287168,0.10081774952380174,0.22920243586052705,0.28749908528695445,0.8125,0.8421052631578948,0.8015873015873016
12,45,0.3755020050518064,0.07622595100728757,0.2475672828883465,0.3007047610525595,0.5,0.4285714285714285,0.5666666666666668
12,46,0.37425254697429944,0.09358627676571712,0.1435308589045377,0.38863031735544573,0.625,0.5714285714285714,0.6190476190476191
12,47,0.4343039068788025,0.16130033198029345,0.15836285461594124,0.24603290652496287,0.6875,0.7368421052631577,0.6746031746031745
12,48,0.46833154104044405,0.09966746254630689,0.18159694243032617,0.25040405398292287,0.5,0.5,0.5333333333333333
12,49,0.38018052043600475,0.1362621344184697,0.3070784766613256,0.17647886848419994,0.6875,0.761904761904762,0.7083333333333334
12,50,0.47289822383668134,0.10373778194186041,0.1665442017752239,0.2568197924462344,0.6875,0.7826086956521738,0.6090909090909091
12,51,0.3823355580192974,0.11179137462204017,0.31454431521320186,0.1913287521454606,0.6875,0.761904761904762,0.6587301587301587
12,52,0.3803652209122783,0.07425211450152115,0.3153570029445947,0.23002566164160587,0.8125,0.8421052631578948,0.8015873015873016
12,53,0.46319860821905273,0.07615226973973983,0.19353214621234852,0.2671169758288589,0.5625,0.631578947368421,0.5952380952380953
12,54,0.39691830572134984,0.06533404189639977,0.20162081313734892,0.3361268392449015,0.75,0.7777777777777777,0.75
12,55,0.38960946463416596,0.14243838059483255,0.19534904454315125,0.2726031102278502,0.5625,0.5333333333333333,0.5634920634920635
12,56,0.4618404829687206,0.061190679472167456,0.27864724586971495,0.19832159168939695,0.625,0.6666666666666666,0.619047619047619
12,57,0.4969657931865332,0.125469249545552,0.1466735428803481,0.2308914143875667,0.6875,0.7368421052631577,0.6746031746031745
12,58,0.4652172074295167,0.1299212186650891,0.2009527871942068,0.20390878671118745,0.6875,0.7368421052631579,0.7222222222222222
12,59,0.46883130268886214,0.05110805457723012,0.19472095563089672,0.28533968710301116,0.625,0.5714285714285714,0.6190476190476191
12,60,0.41169397298281973,0.08138952879132001,0.23752466382533607,0.2693918344005241,0.8125,0.8571428571428572,0.7833333333333334
12,61,0.37991857035917614,0.15925544129759267,0.2445878917378582,0.216238096605373,0.6875,0.7368421052631579,0.7181818181818181
12,62,0.4044339962695916,0.11400760087713364,0.2196162648847116,0.2619421379685632,0.625,0.7272727272727274,0.6410256410256411
12,63,0.45062334183212405,0.15291248488153672,0.19201350151517588,0.2044506717711634,0.6875,0.761904761904762,0.6587301587301587
12,64,0.4137795176633479,0.13520123660660746,0.22344593808972704,0.22757330764031763,0.625,0.5714285714285715,0.6333333333333333
12,65,0.47332490543594624,0.1361111563243473,0.2238266993222663,0.16673723891744024,0.625,0.7000000000000001,0.6031746031746033
12,66,0.35513609642576577,0.1800194871782849,0.23787581089440343,0.22696860550154602,0.875,0.888888888888889,0.9
12,67,0.39213413242183615,0.08500083301678378,0.14668438965606317,0.37618064490531694,0.5625,0.5882352941176471,0.6166666666666667
12,68,0.34452194665447294,0.01922119606084132,0.25363848101726405,0.3826183762674218,0.625,0.6666666666666666,0.619047619047619
12,69,0.3577288425675309,0.18325776254373718,0.2597814509703356,0.19923194391839633,0.75,0.8181818181818182,0.7090909090909092
12,70,0.49049092996727994,0.057275915002234536,0.10395219089854689,0.34828096413193865,0.6875,0.6666666666666666,0.6875
12,71,0.3857622110312173,0.11046002928936927,0.15501958712080485,0.3487581725586086,0.6875,0.7058823529411765,0.6875
12,72,0.3806858447409563,0.11070222809051644,0.07922852086139776,0.4293834063071295,0.375,0.28571428571428575,0.43333333333333335
12,73,0.3784899874535854,0.10268122816801921,0.18803849608696585,0.33079028829142954,0.75,0.7777777777777778,0.746031746031746
12,74,0.44925676516507584,0.13048431514944092,0.23344226593026374,0.18681665375521944,0.5625,0.6666666666666666,0.5181818181818182
12,75,0.45539377876359105,0.11019511106827264,0.18687228059726116,0.24753882957087517,0.625,0.6250000000000001,0.6349206349206349
12,76,0.3570550690264353,0.13296228869979806,0.25743318244597907,0.25254945982778754,0.8125,0.8695652173913043,0.7545454545454546
12,77,0.5019918166291328,0.07779864790227227,0.1327854582875392,0.28742407718105567,0.5625,0.588235294117647,0.5793650793650794
12,78,0.3237417014790515,0.09475290959451814,0.16754852452991453,0.41395686439651574,0.625,0.625,0.7272727272727273
12,79,0.5051319888557761,0.1642885673303346,0.17952192338465492,0.1510575204292343,0.625,0.7,0.6
12,80,0.4597492254648262,0.11107758133258945,0.06627954073409166,0.36289365246849276,0.5625,0.631578947368421,0.625
12,81,0.28475206164773825,0.09998977501763097,0.13422821186976402,0.48102995146486693,0.6875,0.761904761904762,0.6587301587301587
12,82,0.4218607857131393,0.09055473186324377,0.16398267722847062,0.3236018051951463,0.75,0.7999999999999999,0.7636363636363637
12,83,0.4208795589936951,0.035706771960133527,0.29749785276592977,0.24591581628024164,0.6875,0.7368421052631577,0.6833333333333335
12,84,0.34913139670669546,0.11474533824529902,0.269547977680435,0.2665752873675705,0.6875,0.7058823529411765,0.6875
12,85,0.3891642004884531,0.12102273102847386,0.07227335673797014,0.4175397117451029,0.4375,0.39999999999999997,0.5363636363636364
12,86,0.40371335907061723,0.14393606491366714,0.26631464551600587,0.18603593049970982,0.6875,0.761904761904762,0.65
12,87,0.576721978087953,0.02823044637540047,0.24524666838675607,0.14980090714989053,0.5,0.5,0.5
12,88,0.3291591232788525,0.24573918000316353,0.1948694170616649,0.23023227965631907,0.5625,0.6666666666666666,0.75
12,89,0.5148103961934175,0.029658708874459448,0.23279589566287756,0.2227349992692455,0.625,0.5,0.6181818181818183
12,90,0.4863088724727749,0.11915097515594072,0.2669532591348324,0.127586893236452,0.5625,0.5333333333333333,0.5634920634920635
12,91,0.46674325512537645,0.165054706252009,0.2387615350460625,0.12944050357655204,0.6875,0.761904761904762,0.65
12,92,0.4032208962416161,0.11580458905227563,0.21827750048254735,0.262697014223561,0.6875,0.7058823529411765,0.6875
12,93,0.38123546184287266,0.13767914964087866,0.2633181634198116,0.21776722509643712,0.6875,0.761904761904762,0.6636363636363637
12,94,0.40571572495864994,0.11560094413121154,0.13857653156719335,0.34010679934294524,0.75,0.8181818181818182,0.7
12,95,0.5788904857330507,0.09386222835400522,0.19693105259017357,0.1303162333227706,0.375,0.375,0.380952380952381
12,96,0.5129703228033624,0.03871485884194636,0.23048134239285414,0.21783347596183705,0.625,0.6666666666666666,0.619047619047619
12,97,0.27434101198562727,0.11823851748013992,0.16142702966586778,0.44599344086836495,0.5625,0.72,0.5
12,98,0.3004852610484769,0.1704187118632042,0.22354473033493424,0.30555129675338466,0.6875,0.7368421052631579,0.7181818181818181
12,99,0.4022230545508506,0.0753784923011292,0.23491509491535648,0.28748335823266374,0.625,0.6666666666666665,0.625
12,100,0.5381157560307026,0.08494753488619435,0.11848997692984188,0.2584467321532612,0.6875,0.761904761904762,0.6587301587301587
24,1,0.4447339275819843,0.12105049049741616,0.20110230814970004,0.23311327377089958,0.6470588235294118,0.7272727272727273,0.6136363636363636
24,2,0.5927475494983164,0.06646067786631375,0.1807834564267411,0.1600083162086287,0.5294117647058824,0.6363636363636364,0.5138888888888888
24,3,0.3609682928013488,0.11154191398566937,0.15295589584320324,0.37453389736977855,0.6470588235294118,0.7000000000000001,0.7
24,4,0.4311298076971144,0.09918350107745619,0.18959457045658595,0.28009212076884343,0.7647058823529411,0.8333333333333334,0.7166666666666668
24,5,0.41478395753497,0.10404423475629629,0.1357558123720809,0.34541599533665285,0.6470588235294118,0.7272727272727272,0.6333333333333333
24,6,0.4527001139031819,0.025799171175122617,0.17187606919519954,0.34962464572649593,0.5294117647058824,0.6,0.5499999999999999
24,7,0.42287632049252016,0.04504005270781972,0.1858083472942391,0.34627527950542103,0.6470588235294118,0.7692307692307692,0.5166666666666667
24,8,0.5882808734031734,0.020660503523082494,0.20204694705653606,0.18901167601720803,0.5882352941176471,0.6956521739130435,0.5333333333333333
24,9,0.27677023901906317,0.06546535750287981,0.15410271552175725,0.5036616879562998,0.5294117647058824,0.6,0.6057692307692308
24,10,0.4826475296824381,0.04508149068078273,0.2663413797069618,0.20592959992981735,0.6470588235294118,0.7272727272727274,0.6826923076923077
24,11,0.42889963013937105,0.152732071126186,0.2565104146525019,0.1618578840819411,0.7058823529411765,0.8148148148148148,0.5595238095238095
24,12,0.5669918659151715,0.09954994384297748,0.041857025346759634,0.2916011648950915,0.6470588235294118,0.75,0.5928571428571429
24,13,0.4322184306232157,0.03121266710740358,0.21160933321746364,0.32495956905191725,0.35294117647058826,0.4210526315789473,0.4761904761904762
24,14,0.3072845401262654,0.09475679163297789,0.18635282563483066,0.4116058426059261,0.6470588235294118,0.7272727272727274,0.6319444444444444
24,15,0.4248888603314727,0.05713464497612233,0.11934209172644175,0.39863440296596336,0.5294117647058824,0.6,0.5208333333333333
24,16,0.5377698579345612,0.13944692320678878,0.06484429291559902,0.25793892594305096,0.6470588235294118,0.75,0.575
24,17,0.39292015309245004,0.09060530299695709,0.23794075443731588,0.27853378947327695,0.6470588235294118,0.7272727272727273,0.6136363636363636
24,18,0.4816510543331887,0.11195876945377352,0.13209420470273936,0.27429597151029844,0.6470588235294118,0.7000000000000001,0.6515151515151516
24,19,0.4282726047117295,0.12734703184926602,0.24645718848327394,0.19792317495573059,0.6470588235294118,0.6666666666666665,0.6571428571428573
24,20,0.39635773664723517,0.209150531726722,0.171391816212983,0.22309991541305985,0.8235294117647058,0.8695652173913043,0.8166666666666668
24,21,0.3164802648951518,0.1504752072085279,0.20428231969858227,0.32876220819773805,0.8235294117647058,0.88,0.75
24,22,0.5152162844898683,0.04620607843634042,0.16890180309196381,0.2696758339818275,0.5294117647058824,0.6923076923076923,0.3
24,23,0.3645160448191301,0.06926373050417166,0.13306348483414487,0.43315673984255343,0.5882352941176471,0.6666666666666666,0.5763888888888888
24,24,0.45189414286821317,0.042826357704770814,0.14869588426706526,0.35658361515995074,0.7058823529411765,0.7826086956521738,0.6642857142857143
24,25,0.39580178870004884,0.10690604805608842,0.1249053636827844,0.37238679956107834,0.7647058823529411,0.8333333333333333,0.7142857142857143
24,26,0.3660526121828597,0.10170246855666365,0.24143115921636502,0.29081376004411164,0.6470588235294118,0.7,0.6357142857142857
24,27,0.35327611517074875,0.12411554018835777,0.22518648576070138,0.2974218588801922,0.6470588235294118,0.7000000000000001,0.6515151515151516
24,28,0.32476510082948873,0.07771262834805738,0.19051974507624514,0.4070025257462089,0.7058823529411765,0.782608695652174,0.6875
24,29,0.47599778408044846,0.12258908849487185,0.08695321848212656,0.3144599089425532,0.7058823529411765,0.8148148148148148,0.5833333333333333
24,30,0.28146194018275567,0.11236756567419577,0.13548026160167484,0.4706902325413738,0.7058823529411765,0.761904761904762,0.7222222222222222
24,31,0.4261540834299099,0.08450136073166362,0.09468370924052684,0.39466084659789963,0.5294117647058824,0.6923076923076924,0.375
24,32,0.5558840936956544,0.02615521012980597,0.1761875043473181,0.24177319182722168,0.5294117647058824,0.6,0.5142857142857143
24,33,0.34813122515837913,0.11556594993886773,0.20169587193449495,0.33460695296825815,0.7058823529411765,0.761904761904762,0.696969696969697
24,34,0.39829188175335645,0.11934413172491899,0.24574421595091697,0.23661977057080752,0.7058823529411765,0.761904761904762,0.696969696969697
24,35,0.4568500476279252,0.0,0.2618553579509374,0.28129459442113736,0.7647058823529411,0.846153846153846,0.6666666666666667
24,36,0.40711294306220897,0.09506433233069911,0.1620125595465329,0.3358101650605591,0.5882352941176471,0.6666666666666666,0.5916666666666667
24,37,0.48523950692547096,0.13149671503495738,0.2743884829116623,0.10887529512790939,0.5882352941176471,0.5882352941176471,0.5902777777777778
24,38,0.41021813039915594,0.13985278116273367,0.1229735528006959,0.3269555356374144,0.7058823529411765,0.7368421052631579,0.7348484848484848
24,39,0.4575885724056254,0.011206374186496027,0.15509634083467316,0.3761087125732054,0.5882352941176471,0.6956521739130435,0.5303030303030303
24,40,0.5481331071439571,0.08226830468223938,0.17497984507627376,0.19461874309752958,0.5294117647058824,0.6363636363636365,0.4928571428571428
24,41,0.47993009371235007,0.04352590237945019,0.22766896888178903,0.24887503502641084,0.6470588235294118,0.75,0.575
24,42,0.4184676532285462,0.10275078403053435,0.24351482473684774,0.2352667380040716,0.5882352941176471,0.6956521739130435,0.6190476190476191
24,43,0.34156302882068085,0.05810228792109802,0.10562460968874221,0.494710073569479,0.5882352941176471,0.7200000000000001,0.49242424242424243
24,44,0.3754282141565475,0.15692879388734593,0.2802361185287704,0.18740687342733633,0.5294117647058824,0.5555555555555556,0.5606060606060607
24,45,0.36494082147672324,0.1183897185694251,0.22778704461540034,0.2888824153384512,0.6470588235294118,0.7000000000000001,0.6388888888888888
24,46,0.53721912400375,0.1058972611791867,0.1965647692728006,0.1603188455442627,0.47058823529411764,0.6086956521739131,0.3916666666666667
24,47,0.36527677149069177,0.11479574274166125,0.12768880132940735,0.39223868443823956,0.7058823529411765,0.8,0.6346153846153846
24,48,0.462352038414804,0.10802275118122182,0.15290216370942228,0.2767230466945519,0.5294117647058824,0.6363636363636364,0.6
24,49,0.42777877384401036,0.06547102201818798,0.13136142819569183,0.3753887759421099,0.7647058823529411,0.8666666666666666,0.4642857142857143
24,50,0.32720092248090715,0.13736361777276707,0.21775228051023487,0.31768317923609096,0.8235294117647058,0.8799999999999999,0.7583333333333333
24,51,0.3291722432342769,0.02593184280331168,0.16933427115879368,0.4755616428036179,0.5882352941176471,0.631578947368421,0.5857142857142856
24,52,0.4632758392924007,0.12914730815285347,0.19432445147911032,0.2132524010756356,0.6470588235294118,0.7272727272727272,0.6142857142857143
24,53,0.3712260647827847,0.12288223170070182,0.12271146762578572,0.3831802358907278,0.6470588235294118,0.7272727272727274,0.6319444444444444
24,54,0.5290605338041939,0.021275496510230103,0.1597508056409431,0.28991316404463285,0.5882352941176471,0.6956521739130435,0.5333333333333333
24,55,0.33152510467618135,0.08446155384725335,0.22264261160342858,0.36137072987313673,0.5294117647058824,0.5,0.5571428571428572
24,56,0.34724608389517847,0.12666827195122676,0.2169890733848422,0.30909657076875263,0.8823529411764706,0.9166666666666666,0.9230769230769231
24,57,0.35061801868821574,0.06697254375277922,0.08743973124520414,0.494969706313801,0.6470588235294118,0.7692307692307692,0.5378787878787878
24,58,0.4437096417398527,0.03629567791938247,0.2461709850370929,0.27382369530367184,0.5882352941176471,0.6666666666666666,0.5642857142857143
24,59,0.6888213180250675,0.011423526638884187,0.15055097207587262,0.14920418326017557,0.5882352941176471,0.6666666666666666,0.5681818181818181
24,60,0.3884059760958539,0.08027374899582362,0.1843473570256935,0.346972917882629,0.7647058823529411,0.846153846153846,0.6666666666666667
24,61,0.37707004919623666,0.11791554716502362,0.23317722534907884,0.271837178289661,0.5882352941176471,0.631578947368421,0.5857142857142856
24,62,0.4981805877250527,0.11305442000220055,0.2469058211666618,0.14185917110608492,0.5294117647058824,0.6363636363636365,0.4916666666666667
24,63,0.4221949484840573,0.14682311408264376,0.2553762454969449,0.17560569193635414,0.7647058823529411,0.8333333333333333,0.7596153846153846
24,64,0.3840792947826576,0.07616824462776103,0.19632408901990978,0.3434283715696715,0.5882352941176471,0.631578947368421,0.6060606060606062
24,65,0.5054426757062267,0.033733742329684194,0.15981322670044762,0.3010103552636415,0.5882352941176471,0.5333333333333333,0.5833333333333334
24,66,0.45451766904088103,0.03197156090665129,0.16202814136285157,0.35148262868961616,0.6470588235294118,0.7272727272727272,0.6142857142857143
24,67,0.36184055592106773,0.11176329916123127,0.13473794581876689,0.3916581990989341,0.5882352941176471,0.6666666666666667,0.6041666666666667
24,68,0.35958662305191347,0.08179029779321631,0.24585438169475674,0.3127686974601135,0.7647058823529411,0.8461538461538461,0.7261904761904762
24,69,0.40179288510816397,0.0566805123782118,0.1779497346103686,0.36357686790325566,0.7058823529411765,0.7826086956521738,0.6590909090909092
24,70,0.3431855263128369,0.11047710773114862,0.1786331763151531,0.3677041896408615,0.7058823529411765,0.761904761904762,0.7333333333333333
24,71,0.6039456303601617,0.09564438525927331,0.09808985512111407,0.202320129259451,0.5294117647058824,0.6,0.5142857142857143
24,72,0.2434543587289571,0.06196520385440778,0.11112937416854479,0.5834510632480903,0.4117647058823529,0.4444444444444444,0.4097222222222222
24,73,0.3115064316138958,0.09612887667435689,0.1563975447537393,0.4359671469580079,0.7647058823529411,0.8571428571428571,0.5865384615384616
24,74,0.43089563459443087,0.1335169723519318,0.20633835391181388,0.2292490391418233,0.5882352941176471,0.7199999999999999,0.47115384615384615
24,75,0.33481806973653117,0.11551288255845028,0.20482317678443163,0.34484587092058705,0.7058823529411765,0.8,0.6212121212121212
24,76,0.44582131345312803,0.1277334380211708,0.17861113031193912,0.24783411821376222,0.5882352941176471,0.6666666666666666,0.5916666666666667
24,77,0.3074067468278054,0.11247423206954395,0.21986836523623818,0.3602506558664125,0.5294117647058824,0.42857142857142855,0.5208333333333334
24,78,0.5182752548486216,0.08666050098365295,0.2191414568660236,0.17592278730170188,0.7647058823529411,0.8,0.7777777777777778
24,79,0.3855240298673943,0.12078035035205396,0.15236216576957654,0.34133345401097537,0.7058823529411765,0.8148148148148148,0.5833333333333333
24,80,0.4513710817235878,0.09535955281033917,0.11458814092664082,0.3386812245394323,0.5882352941176471,0.6956521739130435,0.5303030303030303
24,81,0.5235077853259836,0.09355379821574822,0.20537891689606255,0.17755949956220557,0.47058823529411764,0.5714285714285713,0.43939393939393945
24,82,0.4161191023989153,0.04914883666434398,0.20057999647232866,0.3341520644644119,0.7058823529411765,0.8,0.6428571428571428
24,83,0.38811214644310565,0.07908287130656508,0.2953379335430422,0.23746704870728697,0.6470588235294118,0.7272727272727272,0.6142857142857143
24,84,0.39048612133557997,0.0723739960891037,0.12045742880649123,0.416682453768825,0.5882352941176471,0.6666666666666666,0.5642857142857143
24,85,0.3945207646513199,0.10819349507426743,0.15576523477825224,0.3415205054961605,0.7058823529411765,0.7826086956521738,0.675
24,86,0.4583756982937945,0.07527699356548606,0.30359544762580565,0.16275186051491383,0.7058823529411765,0.8,0.6166666666666667
24,87,0.3434263942511199,0.13644518925857435,0.16722862226085053,0.35289979422945517,0.6470588235294118,0.7000000000000001,0.6597222222222222
24,88,0.3932765100351508,0.0789813363861358,0.21608720258284184,0.31165495099587165,0.7058823529411765,0.8148148148148148,0.5833333333333333
24,89,0.3790678983873797,0.08443088958275735,0.1287826979998751,0.40771851402998793,0.6470588235294118,0.6250000000000001,0.6527777777777778
24,90,0.3417841642940285,0.13488414088884096,0.19992876450552308,0.32340293031160744,0.8235294117647058,0.8695652173913043,0.8166666666666668
24,91,0.3710598184066521,0.08470661780667958,0.22199050724045166,0.32224305654621677,0.7647058823529411,0.8461538461538461,0.6583333333333332
24,92,0.4414931212706743,0.14291941526482274,0.08740121716769597,0.3281862462968069,0.8235294117647058,0.888888888888889,0.7115384615384616
24,93,0.43956770322453925,0.122473100670121,0.18867045904356658,0.24928873706177312,0.6470588235294118,0.7000000000000001,0.6515151515151516
24,94,0.4088317793413857,0.06877647949604723,0.1341161987318641,0.38827554243070295,0.6470588235294118,0.7692307692307692,0.5378787878787878
24,95,0.38119668213283964,0.05903980998614302,0.10244624526294194,0.4573172626180754,0.7647058823529411,0.8571428571428571,0.5865384615384616
24,96,0.2925340330496349,0.1818077056671745,0.15947055114965247,0.36618771013353807,0.8235294117647058,0.888888888888889,0.7115384615384616
24,97,0.25884175962168887,0.03186215302689555,0.12922976555887664,0.580066321792539,0.5294117647058824,0.6363636363636364,0.48484848484848486
24,98,0.6111782713842834,0.10591954411134298,0.11764848523501267,0.165253699269361,0.5294117647058824,0.6363636363636365,0.4928571428571428
24,99,0.5238115261347197,0.08634170682409835,0.2527216093877796,0.13712515765340227,0.5882352941176471,0.6666666666666666,0.5763888888888888
24,100,0.46871845547714075,0.06771357053998119,0.17101414840967977,0.29255382557319826,0.4117647058823529,0.4444444444444445,0.41428571428571426
36,1,0.23943506990761138,0.12724728018510845,0.185941150938859,0.44737649896842124,0.7222222222222222,0.7826086956521738,0.7
36,2,0.31090770198458156,0.1012785742101067,0.18702014503308764,0.4007935787722242,0.6111111111111112,0.6666666666666666,0.6038961038961038
36,3,0.4363789515160058,0.066152296734726,0.1221313025272393,0.3753374492220288,0.5,0.64,0.4350649350649351
36,4,0.5119946502924486,0.13609733850030692,0.1829324914093654,0.16897551979787923,0.6111111111111112,0.6956521739130435,0.5875
36,5,0.4218882158442521,0.07835323077283461,0.18374339640226203,0.31601515698065136,0.6666666666666666,0.7500000000000001,0.6233766233766235
36,6,0.31204150456627616,0.11604050821630976,0.2785304040911592,0.2933875831262548,0.7222222222222222,0.8275862068965517,0.5615384615384615
36,7,0.4031583954423533,0.05870796016237913,0.12950326443121354,0.40863037996405405,0.7222222222222222,0.8275862068965517,0.5615384615384615
36,8,0.5410945751677924,0.027620388519669668,0.2241828471675737,0.2071021891449643,0.5555555555555556,0.6666666666666666,0.5357142857142857
36,9,0.33688936369792544,0.08224213820265566,0.15622009026730643,0.4246484078321124,0.6666666666666666,0.8,0.5
36,10,0.5346046766113126,0.12945380374374024,0.1879925690910465,0.14794895055390073,0.6666666666666666,0.7692307692307692,0.6071428571428572
36,11,0.5571544158572439,0.10991671377002277,0.1828305527349527,0.15009831763778061,0.6111111111111112,0.7407407407407408,0.5
36,12,0.6067023321704598,0.07731520949562518,0.06946696365822139,0.2465154946756936,0.5,0.64,0.4350649350649351
36,13,0.3870554871302847,0.04898892319245689,0.15883377289706962,0.4051218167801888,0.6666666666666666,0.75,0.625
36,14,0.43856836176632197,0.06343464711944806,0.14882842524258103,0.3491685658716488,0.5,0.5714285714285713,0.48750000000000004
36,15,0.35900588957849683,0.10270507509805016,0.16394735232825686,0.37434168299519627,0.6666666666666666,0.7500000000000001,0.6461538461538461
36,16,0.618357446781949,0.027151952664076568,0.13543239759811063,0.21905820295586376,0.5555555555555556,0.6,0.5555555555555555
36,17,0.516856224175597,0.13611536346343703,0.12126432662791407,0.22576408573305193,0.6111111111111112,0.7200000000000001,0.5714285714285714
36,18,0.5060405095323689,0.032699475978116045,0.15638964291995605,0.3048703715695591,0.7222222222222222,0.8,0.6666666666666667
36,19,0.2862213013292965,0.12443575633041493,0.15122324493648379,0.43811969740380485,0.5,0.608695652173913,0.46923076923076923
36,20,0.5203558284876445,0.01995291843107378,0.21573664295032524,0.24395461013095654,0.5555555555555556,0.6363636363636365,0.5416666666666667
36,21,0.3138370107733242,0.07636070304508932,0.19591360900966787,0.4138886771719185,0.6666666666666666,0.8000000000000002,0.46153846153846156
36,22,0.4800028286014322,0.073490496715735,0.20728691248040945,0.23921976220242347,0.6111111111111112,0.7586206896551724,0.34375
36,23,0.3815727925801726,0.08474946125244968,0.14061956922391897,0.39305817694345874,0.6666666666666666,0.7857142857142857,0.5416666666666666
36,24,0.41846892121453505,0.13436952127895765,0.21894759538779787,0.22821396211870953,0.8333333333333334,0.8799999999999999,0.8230769230769232
36,25,0.36090364516760376,0.09369120348986798,0.20296887944620864,0.34243627189631964,0.7222222222222222,0.8,0.6846153846153846
36,26,0.4515151960520648,0.08961276843360523,0.20629792958959484,0.25257410592473517,0.6111111111111112,0.6956521739130435,0.577922077922078
36,27,0.4699844383882161,0.1307666230040712,0.225706009221796,0.17354292938591676,0.6111111111111112,0.6666666666666666,0.6038961038961038
36,28,0.2635122589111582,0.07442150691504927,0.14904250181703052,0.5130237323567621,0.6111111111111112,0.7407407407407406,0.525974025974026
36,29,0.4709318792871566,0.03621382477793191,0.23164663681453068,0.2612076591203808,0.7222222222222222,0.8,0.6846153846153846
36,30,0.41316648592885746,0.0673896272074871,0.10996680421622856,0.40947708264742694,0.6111111111111112,0.7407407407407406,0.525974025974026
36,31,0.43273387801905516,0.0535802231024997,0.10163215844525549,0.4120537404331897,0.5555555555555556,0.7142857142857142,0.38461538461538464
36,32,0.36042875600561625,0.1003567639707004,0.30232370133147396,0.23689077869220948,0.5,0.64,0.5
36,33,0.4321679851258509,0.1460590482903372,0.23683623246082125,0.18493673412299064,0.6111111111111112,0.6956521739130435,0.6076923076923078
36,34,0.3730676851685512,0.12569780649847026,0.2078894147609861,0.2933450935719925,0.7222222222222222,0.8148148148148148,0.6428571428571428
36,35,0.5231009850900558,0.08289846874122411,0.16873655209241784,0.22526399407630238,0.4444444444444444,0.5833333333333334,0.3692307692307692
36,36,0.3667405894462874,0.0973070024518397,0.1152489289254653,0.42070347917640766,0.6111111111111112,0.7586206896551724,0.4230769230769231
36,37,0.5112510299969901,0.08319296918467403,0.15379091655409,0.2517650842642459,0.3888888888888889,0.5217391304347826,0.3888888888888889
36,38,0.44205577624536785,0.07380848202449068,0.1856021955373672,0.2985335461927744,0.5555555555555556,0.7142857142857143,0.5
36,39,0.314211696421134,0.10049854314445733,0.22360919838612792,0.3616805620482808,0.6111111111111112,0.7200000000000001,0.5714285714285714
36,40,0.47622486064149766,0.025267775960661574,0.1708039279007716,0.3277034354970692,0.6666666666666666,0.8,0.5
36,41,0.6321501454835965,0.05866686808505969,0.10788224317831449,0.20130074325302935,0.5,0.64,0.4076923076923077
36,42,0.3912623795736429,0.10477287950338658,0.11924665913809177,0.3847180817848787,0.4444444444444444,0.5,0.4923076923076923
36,43,0.4811612409040323,0.06346470299976259,0.21819807948633346,0.23717597660987166,0.7222222222222222,0.8,0.6846153846153846
36,44,0.2833894530504091,0.17247254772572507,0.2596161285199781,0.28452187070388774,0.3888888888888889,0.56,0.3181818181818182
36,45,0.4930418758228409,0.08784159540669498,0.0908261844392632,0.3282903443312009,0.6111111111111112,0.6666666666666666,0.6038961038961038
36,46,0.41577775803619643,0.1009630503374888,0.1945638901056733,0.2886953015206416,0.6666666666666666,0.7857142857142856,0.5230769230769231
36,47,0.3079635424659064,0.15780853937833428,0.2393742299411731,0.2948536882145863,0.8888888888888888,0.923076923076923,0.9285714285714286
36,48,0.5390166291681163,0.007999852995989858,0.16388222568046398,0.28910129215543,0.5,0.5263157894736842,0.5
36,49,0.3084421155513987,0.10245411440887148,0.16616196900633615,0.4229418010333937,0.6111111111111112,0.7199999999999999,0.5416666666666667
36,50,0.3058153231729782,0.1085193594041217,0.29902225087246054,0.28664306655043953,0.6111111111111112,0.7586206896551725,0.5
36,51,0.6464125481603794,0.01892283805098391,0.1724280429053717,0.162236570883265,0.7222222222222222,0.7826086956521738,0.6948051948051949
36,52,0.5174800591262451,0.13140795640210473,0.2355516066728207,0.11556037779882943,0.5555555555555556,0.6,0.5584415584415584
36,53,0.32349075850484227,0.18923294648036826,0.22401012395608386,0.2632661710587056,0.8333333333333334,0.8695652173913043,0.8116883116883118
36,54,0.5018223492557036,0.07529107417414317,0.1666389573096989,0.2562476192604543,0.5555555555555556,0.6923076923076923,0.4461538461538461
36,55,0.3418571134966766,0.15449866310494836,0.2358337828348867,0.2678104405634884,0.6111111111111112,0.7586206896551725,0.5
36,56,0.5171783946565053,0.10399291639354251,0.19576802905456495,0.18306065989538733,0.6666666666666666,0.7500000000000001,0.6461538461538461
36,57,0.43582417324027645,0.13195339455031835,0.13806801277273023,0.2941544194366751,0.7222222222222222,0.761904761904762,0.7207792207792209
36,58,0.4717608132746223,0.06076279532718648,0.13084314900729274,0.33663324239089853,0.5555555555555556,0.6923076923076923,0.48051948051948057
36,59,0.5270741936134888,0.10708163958721835,0.20292634646405527,0.16291782033523752,0.5555555555555556,0.6363636363636365,0.5416666666666667
36,60,0.5409733955256648,0.027837257850155492,0.21818102350512383,0.2130083231190559,0.5,0.64,0.4107142857142857
36,61,0.3788362374331175,0.10782029056066943,0.1398805139058825,0.37346295810033064,0.6666666666666666,0.7692307692307692,0.5974025974025974
36,62,0.47001640078344825,0.0713913162882146,0.16697938482301644,0.29161289810532065,0.5555555555555556,0.6923076923076924,0.4583333333333333
36,63,0.40115266048684306,0.1467439571299079,0.2545774566586765,0.1975259257245725,0.6111111111111112,0.631578947368421,0.6666666666666666
36,64,0.4880946690514061,0.07824370254520036,0.1697367737760285,0.2639248546273651,0.5,0.6666666666666666,0.34615384615384615
36,65,0.37262288239520236,0.11838312939832239,0.23690200996362376,0.27209197824285153,0.7222222222222222,0.8148148148148148,0.6230769230769231
36,66,0.4071271837968368,0.06754255112232695,0.17883430858057933,0.34649595650025694,0.5555555555555556,0.6363636363636364,0.5555555555555556
36,67,0.31183323726057566,0.11069658087513648,0.16306659394867135,0.41440358791561654,0.6666666666666666,0.7272727272727272,0.65
36,68,0.44304649737796914,0.07546193999287498,0.2775193844058448,0.20397217822331096,0.5,0.64,0.4107142857142857
36,69,0.3961507482654138,0.009381547201264934,0.14426711830779304,0.4502005862255282,0.6666666666666666,0.8000000000000002,0.46153846153846156
36,70,0.3600278866435478,0.16409683569847924,0.27513662765739283,0.20073865000058025,0.6666666666666666,0.7272727272727274,0.7076923076923077
36,71,0.5494631213006171,0.053021987842811875,0.17880292457882382,0.2187119662777472,0.6666666666666666,0.7500000000000001,0.6461538461538461
36,72,0.40016365799105746,0.08821081642497014,0.23820120866901234,0.27342431691496005,0.5,0.5714285714285714,0.5649350649350648
36,73,0.5713710659220735,0.02677925832449199,0.10399733857658602,0.29785233717684834,0.6111111111111112,0.7586206896551724,0.4230769230769231
36,74,0.35605567016944534,0.13140421728781976,0.25671941186250713,0.25582070068022794,0.7222222222222222,0.7826086956521738,0.6948051948051949
36,75,0.47714082676045116,0.05356045784837654,0.23371912123320587,0.2355795941579665,0.6111111111111112,0.72,0.6111111111111112
36,76,0.581603657093344,0.0,0.25034823110142085,0.16804811180523505,0.5,0.6086956521739131,0.45833333333333337
36,77,0.6069708234481157,0.03481805534729649,0.14396332277811652,0.21424779842647138,0.3333333333333333,0.5,0.3333333333333333
36,78,0.3588363581908905,0.11674894453317265,0.20609081113883115,0.3183238861371057,0.5,0.6086956521739131,0.461038961038961
36,79,0.4628399077771096,0.07117317109394827,0.22409289952183653,0.24189402160710555,0.7777777777777778,0.8461538461538461,0.7083333333333333
36,80,0.42675586274023464,0.05060908038000821,0.15820273113416544,0.36443232574559176,0.7222222222222222,0.7826086956521738,0.7083333333333334
36,81,0.5744478218471066,0.0,0.2603518426519759,0.16520033550091756,0.5,0.5714285714285713,0.48750000000000004
36,82,0.6506307381187244,0.006742068034822408,0.16553984626750298,0.17708734757895028,0.5555555555555556,0.6363636363636365,0.5375
36,83,0.38938576741810277,0.04848747424500154,0.25250824944447664,0.309618508892419,0.7777777777777778,0.8181818181818182,0.7662337662337664
36,84,0.38413700256500877,0.06958536856939919,0.2111627700649988,0.33511485880059333,0.6666666666666666,0.75,0.625
36,85,0.33937670764897543,0.15245119034889248,0.12993485952497183,0.37823724247716023,0.7777777777777778,0.8666666666666666,0.5892857142857143
36,86,0.4531835589123416,0.008048090231717927,0.3074066336048367,0.23136171725110388,0.7222222222222222,0.8,0.6688311688311688
36,87,0.3291864284879379,0.17087543403479305,0.2572854852098251,0.24265265226744412,0.5555555555555556,0.6923076923076923,0.48051948051948057
36,88,0.370019792619963,0.14596660669255487,0.257442018991696,0.2265715816957861,0.7777777777777778,0.846153846153846,0.7142857142857143
36,89,0.44575152681032365,0.11933662066369449,0.17132786247503973,0.26358399005094213,0.3333333333333333,0.5,0.3
36,90,0.3251867047618801,0.11386907312504893,0.14288586980891232,0.4180583523041586,0.6111111111111112,0.6956521739130435,0.6111111111111112
36,91,0.36847478750364626,0.13830887221921156,0.2548832260108096,0.2383331142663327,0.7777777777777778,0.8333333333333333,0.75
36,92,0.36048603131173196,0.23245343113792238,0.18122875162835847,0.22583178592198722,0.8333333333333334,0.888888888888889,0.8035714285714285
36,93,0.2985187350901928,0.10349917071982843,0.19792470413696955,0.4000573900530093,0.5,0.5263157894736842,0.5923076923076923
36,94,0.597830371586065,0.010505695549085965,0.18552510747989742,0.20613882538495168,0.5,0.6086956521739131,0.45833333333333337
36,95,0.38832888389401987,0.03665015043460907,0.2286254767461073,0.34639548892526373,0.5555555555555556,0.7142857142857143,0.5
36,96,0.4823210758479321,0.11376148266900189,0.17578647871501135,0.22813096276805453,0.7222222222222222,0.8,0.6666666666666667
36,97,0.43978417595980224,0.13017567965516655,0.09938682762693421,0.33065331675809717,0.7777777777777778,0.8571428571428571,0.6666666666666667
36,98,0.6056933965481347,0.08727173852718313,0.0728000361277936,0.23423482879688867,0.5,0.608695652173913,0.46923076923076923
36,99,0.45786222618095374,0.10319359992343054,0.1678793452178122,0.2710648286778035,0.6111111111111112,0.7199999999999999,0.5416666666666667
36,100,0.45512078949398815,0.1160479815959921,0.1848969928115944,0.2439342360984253,0.6111111111111112,0.6956521739130435,0.6076923076923078
60,1,0.44373333980208735,0.12177209191333921,0.17702121914293228,0.25747334914164133,0.6666666666666666,0.8,0.5
60,2,0.31141106496474236,0.05010417623191285,0.13471104706004736,0.5037737117432974,0.6666666666666666,0.8,0.5
60,3,0.2984927595672719,0.051111312040440386,0.0951003928232807,0.555295535569007,0.6,0.75,0.375
60,4,0.3345001024411727,0.13907790098006065,0.22424437276911596,0.30217762380965074,0.8666666666666667,0.9285714285714286,0.5
60,5,0.3738051917573631,0.07316224203116206,0.14677434323222927,0.4062582229792455,0.6666666666666666,0.8,0.38461538461538464
60,6,0.28364635197399407,0.1062980209098551,0.15848517413150656,0.4515704529846444,0.8666666666666667,0.9285714285714286,0.5
60,7,0.3984073191567425,0.06628876967940499,0.09016776366486684,0.4451361474989858,0.8666666666666667,0.9285714285714286,0.5
60,8,0.3119209817138974,0.008634782592928623,0.14430366274121284,0.5351405729519612,0.8,0.888888888888889,0.5
60,9,0.37804672447957105,0.13139497005050113,0.16283490662595054,0.3277233988439773,0.9333333333333333,0.9655172413793104,0.5
60,10,0.33909595666689046,0.08775596557958198,0.17335646490844583,0.3997916128450817,0.6,0.7500000000000001,0.34615384615384615
60,11,0.3049728668223193,0.10227113721357571,0.22751282322626315,0.36524317273784196,0.8666666666666667,0.9285714285714286,0.5
60,12,0.34950690588292477,0.13193477694884248,0.16285362540882248,0.3557046917594103,0.6666666666666666,0.8,0.5
60,13,0.41963822360481523,0.04231493593882793,0.08969128715797568,0.4483555532983812,0.6666666666666666,0.8,0.5
60,14,0.3863758902574018,0.09959988739617359,0.17466842837791396,0.33935579396851057,0.8,0.888888888888889,0.5
60,15,0.29981041514241946,0.08079111336204735,0.16349578477787607,0.45590268671765716,0.6666666666666666,0.8,0.5
60,16,0.33040785171519677,0.026078155365334435,0.07571013868402728,0.5678038542354416,0.5333333333333333,0.6666666666666666,0.4431818181818182
60,17,0.28926016262676024,0.09385258679096477,0.27780786890349607,0.3390793816787788,0.7333333333333333,0.846153846153846,0.5
60,18,0.2811168552771694,0.04196975599009344,0.11362970658200167,0.5632836821507355,0.6,0.7499999999999999,0.5
60,19,0.37112807435493905,0.10509113485198818,0.22486104785659994,0.2989197429364729,0.8,0.888888888888889,0.5
60,20,0.316800860461329,0.04455068550335696,0.24403521683504714,0.394613237200267,0.7333333333333333,0.846153846153846,0.5
60,21,0.34178347834065215,0.09867727370014148,0.19572804057435808,0.3638112073848483,0.8,0.888888888888889,0.5
60,22,0.3945170222058615,0.07548199726486222,0.24310120895662898,0.2868997715726474,0.8666666666666667,0.9285714285714286,0.5
60,23,0.4744190330583371,0.1080886927810128,0.18619626233649603,0.23129601182415416,0.5333333333333333,0.6956521739130436,0.5
60,24,0.5238327730521053,0.0132533687403661,0.1492137582500365,0.3137000999574922,0.8,0.888888888888889,0.5
60,25,0.284428845418776,0.057469330892544794,0.14839575614608203,0.5097060675425973,0.8666666666666667,0.9285714285714286,0.5
60,26,0.2910751763482282,0.07890405800310421,0.17877360262031114,0.4512471630283564,0.7333333333333333,0.8461538461538461,0.4230769230769231
60,27,0.4338947780518568,0.09243685008357545,0.13216171772236723,0.3415066541422005,0.7333333333333333,0.846153846153846,0.5
60,28,0.43650467495134576,0.07024958046008391,0.2814181128855966,0.2118276317029737,0.8,0.888888888888889,0.5
60,29,0.2837572829230692,0.05789230091400855,0.138987361704393,0.5193630544585294,0.8,0.888888888888889,0.5
60,30,0.46404535908249206,0.05111237599617345,0.167489277363863,0.3173529875574715,0.8,0.888888888888889,0.5
60,31,0.3242663124377049,0.10139866420565963,0.20630884887254766,0.36802617448408775,0.8,0.888888888888889,0.5
60,32,0.42913683246683065,0.1295441818314959,0.17817023068691784,0.26314875501475565,0.7333333333333333,0.8461538461538461,0.39285714285714285
60,33,0.47731194807014404,0.09004000185456487,0.12416548863678162,0.30848256143850933,0.8,0.888888888888889,0.5
60,34,0.282471463796442,0.07270212857667477,0.15190241452377098,0.49292399310311225,0.8666666666666667,0.9285714285714286,0.5
60,35,0.47970555051945013,0.08526138583358239,0.11944808201498024,0.31558498163198734,0.7333333333333333,0.846153846153846,0.5
60,36,0.4529084827695339,0.0871010806288582,0.13706318908071888,0.32292724752088914,0.6,0.7500000000000001,0.4090909090909091
60,37,0.2951270874220285,0.07505558742272593,0.2169135735436803,0.41290375161156523,0.8,0.888888888888889,0.5
60,38,0.2892556940142906,0.038255984459629654,0.13333130002293456,0.5391570215031453,0.8,0.888888888888889,0.5
60,39,0.30693438933655676,0.09797603272551639,0.25769683206216554,0.3373927458757614,0.8666666666666667,0.9285714285714286,0.5
60,40,0.4606734153672405,0.04436972144848271,0.24814963903479656,0.24680722414948023,0.8666666666666667,0.9285714285714286,0.5
60,41,0.3534310835697145,0.11729811984680466,0.22573726077539708,0.30353353580808373,0.8,0.888888888888889,0.5
60,42,0.560988042919878,0.0628898255581282,0.11826332177656951,0.2578588097454243,0.8,0.888888888888889,0.5
60,43,0.36508044918508326,0.12199449342463106,0.18144047400900873,0.3314845833812769,0.7333333333333333,0.846153846153846,0.5
60,44,0.28000161100257487,0.056448787818585366,0.12740539310436538,0.5361442080744744,0.6666666666666666,0.8,0.5
60,45,0.35951082215668123,0.11671624718387438,0.1958679910078558,0.3279049396515886,0.9333333333333333,0.9655172413793104,0.5
60,46,0.408179971418863,0.012154041615289164,0.19806912610598876,0.3815968608598592,0.7333333333333333,0.846153846153846,0.5
60,47,0.32845461540461085,0.13219890718443586,0.23708892689550518,0.3022575505154481,0.6666666666666666,0.8,0.5
60,48,0.39023815250491717,0.057785610884370495,0.202002400573227,0.34997383603748544,0.7333333333333333,0.846153846153846,0.5
60,49,0.28373139670645137,0.12267391993270177,0.14277175895681418,0.45082292440403265,0.8666666666666667,0.9285714285714286,0.5
60,50,0.3180520029337888,0.09314111253088882,0.20500615659438315,0.3838007279409392,0.8,0.88,0.8928571428571428
60,51,0.5349480349121192,0.0,0.14094834930439523,0.32410361578348557,0.8,0.888888888888889,0.5
60,52,0.33848433422120683,0.11336260754255749,0.1300903290837143,0.41806272915252135,0.7333333333333333,0.846153846153846,0.5
60,53,0.3198454352841547,0.09528885581213718,0.20477987916552415,0.38008582973818406,0.8,0.888888888888889,0.5
60,54,0.35174001963110657,0.1074195403707682,0.20658483508210262,0.33425560491602263,0.7333333333333333,0.846153846153846,0.5
60,55,0.4131092407829975,0.08397355632491084,0.16514599576174635,0.3377712071303454,0.6666666666666666,0.8,0.5
60,56,0.3790057594338787,0.08952928873783172,0.2156407988993954,0.3158241529288943,0.7333333333333333,0.846153846153846,0.5
60,57,0.47596182654437674,0.09176561077743257,0.08187386312051864,0.35039869955767206,0.8,0.888888888888889,0.5
60,58,0.38761845995308514,0.08730610390202097,0.1241469592539503,0.40092847689094374,0.8666666666666667,0.9285714285714286,0.5
60,59,0.4256828418302313,0.06778811102969814,0.13600072774938757,0.3705283193906829,0.8,0.888888888888889,0.5
60,60,0.38371810327563094,0.028423486917515096,0.2414232754083748,0.3464351343984791,0.6666666666666666,0.8,0.5
60,61,0.34352043133392707,0.10157954936343927,0.19779482003895332,0.35710519926368045,0.8,0.888888888888889,0.5
60,62,0.3793757021060542,0.09225383528975409,0.14609986369496997,0.38227059890922177,0.7333333333333333,0.8461538461538461,0.39285714285714285
60,63,0.3907650919328378,0.10426189392213982,0.10726707968508938,0.3977059344599329,0.8,0.888888888888889,0.5
60,64,0.33474446686153747,0.09938503435020205,0.18741663929080576,0.37845385949745475,0.6666666666666666,0.8,0.5
60,65,0.34462685051320313,0.1125555782238853,0.2524492694477844,0.2903683018151273,0.8666666666666667,0.9285714285714286,0.5
60,66,0.2901868872408029,0.08464344807402013,0.18207554359380265,0.4430941210913743,0.8,0.888888888888889,0.5
60,67,0.34775125102847126,0.07957429384055305,0.15227960102565494,0.4203948541053207,0.6,0.7499999999999999,0.5
60,68,0.3186968413522348,0.04895123985206309,0.19180754430611782,0.44054437448958433,0.7333333333333333,0.846153846153846,0.5
60,69,0.33333266751737933,0.09044780135081155,0.18090317624895605,0.39531635488285294,0.9333333333333333,0.9655172413793104,0.5
60,70,0.4291106014185701,0.10551179349335577,0.19568812923724585,0.2696894758508283,0.6,0.7272727272727272,0.5
60,71,0.39907117460083563,0.050281919312836806,0.18382663920257677,0.3668202668837508,0.8,0.888888888888889,0.5
60,72,0.3693912472528084,0.10347918185089838,0.13866292968233612,0.38846664121395713,0.8,0.888888888888889,0.5
60,73,0.25263024427840514,0.04221536720800196,0.16192178863780216,0.5432325998757908,0.7333333333333333,0.846153846153846,0.5
60,74,0.27578289213835916,0.13207533028138366,0.21635364350241673,0.3757881340778406,0.8666666666666667,0.9285714285714286,0.5
60,75,0.3825009117429234,0.033127432329560676,0.2273446127545896,0.3570270431729263,0.8,0.888888888888889,0.5
60,76,0.37853961527721547,0.026406273795621948,0.2342475117014429,0.36080659922571967,0.8666666666666667,0.9285714285714286,0.5
60,77,0.44183101454025947,0.043747701428824184,0.09898969434902885,0.4154315896818876,0.6666666666666666,0.8,0.5
60,78,0.3953105699688944,0.08258501843910382,0.1499439360527591,0.3721604755392427,0.6,0.7499999999999999,0.5
60,79,0.38782708993894566,0.06773399016830609,0.20528663679123993,0.33915228310150847,0.9333333333333333,0.9655172413793104,0.5
60,80,0.322863049176973,0.05877677056299693,0.20581601461686655,0.4125441656431635,0.8,0.888888888888889,0.5
60,81,0.37732165046624855,0.06484002995113969,0.19127435190136247,0.36656396768124927,0.8,0.888888888888889,0.5
60,82,0.4351254832042423,0.06441257183190618,0.14736825232618883,0.35309369263766266,0.7333333333333333,0.8333333333333333,0.8571428571428572
60,83,0.4419983533864181,0.04631457202249122,0.2367393093230455,0.2749477652680453,0.8666666666666667,0.9285714285714286,0.5
60,84,0.40563937603299477,0.121181940272996,0.21397007315047473,0.2592086105435344,0.6666666666666666,0.8,0.5
60,85,0.4404045457224305,0.11863876454506839,0.15827026371325162,0.2826864260192496,0.8,0.888888888888889,0.5
60,86,0.3618956868708317,0.04819596567182413,0.15153202673536736,0.4383763207219768,0.6666666666666666,0.8,0.5
60,87,0.4136318650466696,0.09712119190874034,0.1724262038395321,0.316820739205058,0.7333333333333333,0.846153846153846,0.5
60,88,0.2411297637939895,0.1295398034575906,0.22651464340035649,0.4028157893480634,0.9333333333333333,0.9655172413793104,0.5
60,89,0.35022637068889095,0.027539501152214114,0.2283336671122803,0.39390046104661475,0.8666666666666667,0.9285714285714286,0.5
60,90,0.3204111474554129,0.14230940304449402,0.22899937111896634,0.3082800783811267,0.8,0.888888888888889,0.5
60,91,0.32545712991026826,0.1121386208577097,0.27877213503500203,0.28363211419701995,0.9333333333333333,0.9655172413793104,0.5
60,92,0.3085058331527745,0.13295341110068504,0.1936527130652431,0.36488804268129743,0.7333333333333333,0.846153846153846,0.5
60,93,0.3718646574811385,0.1915625138164207,0.21994687314024738,0.21662595556219338,0.8666666666666667,0.9285714285714286,0.5
60,94,0.3968702969354493,0.07531918974971645,0.1570848832898982,0.3707256300249362,0.6666666666666666,0.8,0.5
60,95,0.39657338267445524,0.07057156807554275,0.11732797795834798,0.41552707129165406,0.7333333333333333,0.846153846153846,0.5
60,96,0.3625099960273657,0.01581899738127664,0.21225751525721187,0.40941349133414584,0.9333333333333333,0.9655172413793104,0.5
60,97,0.26669797621208224,0.03278035012326684,0.30899411410265404,0.391527559561997,0.6666666666666666,0.8,0.5
60,98,0.5239317592521767,0.09701271751278975,0.17902221347158878,0.2000333097634448,0.8,0.888888888888889,0.5
60,99,0.28810189443724404,0.04685241904194815,0.10480091530997011,0.5602447712108376,0.6666666666666666,0.8,0.4166666666666667
60,100,0.32946179850170076,0.13758196124103875,0.18405724271140678,0.3488989975458538,0.8666666666666667,0.9285714285714286,0.5
