month,No,CD4,PD-1,GAL 9 TC,score,F1,AUC
12,1,0.48004654639923233,0.026626655315940554,0.49332679828482706,0.7619047619047619,0.8148148148148148,0.7355769230769231
12,2,0.3721370402801829,0.1106945803697727,0.5171683793500444,0.8095238095238095,0.8,0.8461538461538461
12,3,0.57718181852961,0.020138641523533715,0.4026795399468563,0.7142857142857143,0.8000000000000002,0.65
12,4,0.4023417911410469,0.12491402733361623,0.47274418152533676,0.8571428571428571,0.8571428571428571,0.875
12,5,0.38632746895294395,0.11135363660416114,0.5023188944428949,0.8571428571428571,0.8571428571428571,0.875
12,6,0.5273965799412341,0.12855892355314483,0.344044496505621,0.8095238095238095,0.8750000000000001,0.7142857142857143
12,7,0.4116929937029681,0.11230700175469893,0.47600000454233293,0.5714285714285714,0.5714285714285713,0.5727272727272728
12,8,0.538668516693353,0.06987126068131248,0.39146022262533436,0.8095238095238095,0.8571428571428571,0.7740384615384615
12,9,0.5099028770198648,0.025761343753047374,0.4643357792270878,0.7619047619047619,0.8148148148148148,0.7355769230769231
12,10,0.42853172706669895,0.1001241470749182,0.4713441258583828,0.8571428571428571,0.9032258064516129,0.7857142857142857
12,11,0.43486497197477064,0.1172843898214191,0.4478506382038103,0.8571428571428571,0.88,0.85
12,12,0.4268599507503393,0.0191381948212562,0.5540018544284045,0.7619047619047619,0.7058823529411765,0.7596153846153846
12,13,0.4580961233303172,0.04026714358105408,0.5016367330886288,0.6190476190476191,0.6,0.638888888888889
12,14,0.5101428805302162,0.09442551727535747,0.39543160219442647,0.8095238095238095,0.8333333333333333,0.8181818181818181
12,15,0.37805116262723387,0.11137274839689408,0.510576088975872,0.8095238095238095,0.8181818181818182,0.8136363636363636
12,16,0.4806704153907993,0.028806686588204383,0.4905228980209964,0.8095238095238095,0.7999999999999999,0.8194444444444444
12,17,0.48999123759392343,0.1376412719085179,0.3723674904975587,0.7619047619047619,0.8148148148148148,0.75
12,18,0.4422123355194641,0.027572630997158547,0.5302150334833773,0.8095238095238095,0.8000000000000002,0.8090909090909091
12,19,0.4920245146002046,0.022429042372938825,0.48554644302685657,0.7142857142857143,0.7857142857142857,0.6805555555555556
12,20,0.4451711406795965,0.02519835637977349,0.52963050294063,0.8095238095238095,0.7777777777777777,0.8221153846153845
12,21,0.3883874857886734,0.1088715027686149,0.5027410114427118,0.6666666666666666,0.5882352941176471,0.6527777777777778
12,22,0.4706502114203994,0.11759163720671381,0.4117581513728868,0.7619047619047619,0.8275862068965517,0.7222222222222222
12,23,0.4295602748764134,0.10949603697591317,0.46094368814767334,0.8571428571428571,0.8695652173913044,0.8636363636363636
12,24,0.5497266495766016,0.12198095811145768,0.3282923923119408,0.9047619047619048,0.923076923076923,0.8888888888888888
12,25,0.48560594142123553,0.027302096375623662,0.4870919622031409,0.8095238095238095,0.8181818181818182,0.8136363636363636
12,26,0.36891675402407176,0.12395472948657947,0.5071285164893489,0.9047619047619048,0.8750000000000001,0.9285714285714286
12,27,0.39515041361297876,0.12937112206411114,0.47547846432291,0.8571428571428571,0.8799999999999999,0.8472222222222222
12,28,0.40258628783721967,0.1465811616813161,0.4508325504814642,0.7619047619047619,0.7826086956521738,0.7681818181818181
12,29,0.3928103687069794,0.13620133117321342,0.4709883001198073,0.6666666666666666,0.631578947368421,0.6944444444444444
12,30,0.40826050053134505,0.1372199629160155,0.4545195365526395,0.9047619047619048,0.9090909090909091,0.9090909090909091
12,31,0.4032532958084815,0.12486966608500676,0.47187703810651177,0.8571428571428571,0.8571428571428571,0.875
12,32,0.414034441363033,0.09515821556166452,0.49080734307530255,0.6666666666666666,0.7586206896551724,0.6105769230769231
12,33,0.5160489771044969,0.12481131918792372,0.3591397037075794,0.8095238095238095,0.8571428571428571,0.7740384615384615
12,34,0.4297550441736731,0.09944842507151323,0.47079653075481365,0.5238095238095238,0.375,0.5
12,35,0.4320841690457086,0.09254893794868883,0.47536689300560264,0.7619047619047619,0.8,0.7727272727272727
12,36,0.4848042788027703,0.11975797111400252,0.3954377500832273,0.8095238095238095,0.8333333333333333,0.8045454545454546
12,37,0.44152599287596384,0.12996095576809558,0.4285130513559406,0.9047619047619048,0.888888888888889,0.9230769230769231
12,38,0.46961756857517806,0.12928000767680184,0.40110242374802013,0.8571428571428571,0.823529411764706,0.860576923076923
12,39,0.48579563237462053,0.032449695160202435,0.48175467246517706,0.8095238095238095,0.8181818181818182,0.8136363636363636
12,40,0.4350312419386739,0.10651496990117286,0.45845378816015336,0.8571428571428571,0.88,0.85
12,41,0.3759883676870472,0.12782163659900758,0.49618999571394523,0.8095238095238095,0.75,0.7916666666666666
12,42,0.4118256628936315,0.11095366006953718,0.4772206770368314,0.8095238095238095,0.8181818181818181,0.8333333333333334
12,43,0.40304700581249975,0.08906342796399756,0.5078895662235028,0.6666666666666666,0.7199999999999999,0.6586538461538461
12,44,0.4656908949218033,0.0869777116822677,0.44733139339592903,0.7142857142857143,0.8,0.6666666666666667
12,45,0.44299305947980144,0.12130501486731558,0.435701925652883,0.7619047619047619,0.8,0.7545454545454546
12,46,0.3658764028103738,0.10766223257968142,0.5264613646099447,0.5714285714285714,0.64,0.5714285714285714
12,47,0.41350050693748047,0.08801665345757627,0.49848283960494316,0.8571428571428571,0.888888888888889,0.8333333333333334
12,48,0.35669607319075725,0.12509411998438977,0.518209806824853,0.6666666666666666,0.6666666666666667,0.7067307692307692
12,49,0.4129082644377367,0.10911169676990023,0.4779800387923631,0.7142857142857143,0.7272727272727273,0.7136363636363636
12,50,0.4027904495844176,0.12417182407326624,0.473037726342316,0.8571428571428571,0.8571428571428571,0.875
12,51,0.3849971418957031,0.04525031643167824,0.5697525416726186,0.8571428571428571,0.8421052631578948,0.8611111111111112
12,52,0.44538693299712834,0.08005943751418089,0.4745536294886908,0.8095238095238095,0.8,0.8461538461538461
12,53,0.39112399351915195,0.11037121096771801,0.49850479551313004,0.8095238095238095,0.7777777777777777,0.8221153846153845
12,54,0.3993847698051717,0.11533400670236882,0.4852812234924596,0.7619047619047619,0.782608695652174,0.7916666666666666
12,55,0.3984583404373929,0.11748572705596225,0.48405593250664475,0.7142857142857143,0.7000000000000001,0.7857142857142857
12,56,0.5005079835555337,0.09309324134084346,0.40639877510362293,0.7619047619047619,0.8,0.7545454545454546
12,57,0.492830346733803,0.14012623749110317,0.3670434157750939,0.8571428571428571,0.88,0.85
12,58,0.39013226862266404,0.12899289161178662,0.4808748397655494,0.8571428571428571,0.8695652173913044,0.8636363636363636
12,59,0.46952906903003966,0.0,0.5304709309699603,0.7619047619047619,0.8148148148148148,0.7355769230769231
12,60,0.4528889640137612,0.006138462136472251,0.5409725738497666,0.8095238095238095,0.7999999999999999,0.8194444444444444
12,61,0.3585150015867804,0.1484453010973547,0.4930396973158649,0.7619047619047619,0.7368421052631579,0.7681818181818182
12,62,0.38346141854508325,0.14330024672193,0.47323833473298665,0.7619047619047619,0.8,0.7857142857142858
12,63,0.4342516561553226,0.0979682964022447,0.4677800474424328,0.6666666666666666,0.6666666666666666,0.75
12,64,0.4277682447752778,0.1545833534807632,0.4176484017439591,0.8571428571428571,0.8421052631578948,0.8846153846153846
12,65,0.4526573606588017,0.12983458871128273,0.4175080506299156,0.8095238095238095,0.8461538461538461,0.7916666666666667
12,66,0.4330188429246491,0.0900085984837874,0.47697255859156357,0.7142857142857143,0.625,0.8125
12,67,0.4837123588039418,0.10250606199398923,0.4137815792020689,0.8095238095238095,0.8181818181818181,0.8333333333333334
12,68,0.4368305462044825,0.13477721367226375,0.42839224012325383,0.8571428571428571,0.8695652173913043,0.8545454545454546
12,69,0.3592021906998202,0.10876168235083171,0.5320361269493482,0.6666666666666666,0.4615384615384615,0.6071428571428571
12,70,0.45753219636519893,0.10885690504316577,0.4336108985916354,0.7619047619047619,0.761904761904762,0.7636363636363637
12,71,0.3641914341891421,0.11825625482692777,0.5175523109839301,0.7142857142857143,0.7272727272727274,0.7451923076923077
12,72,0.4351990823809927,0.1265116048072666,0.4382893128117407,0.8571428571428571,0.823529411764706,0.860576923076923
12,73,0.5030358344928625,0.022309012638040818,0.4746551528690967,0.7142857142857143,0.7857142857142856,0.6730769230769231
12,74,0.42861204735968667,0.1118182814626691,0.4595696711776443,0.9047619047619048,0.9090909090909091,0.9090909090909091
12,75,0.4978816643244565,0.0,0.5021183356755435,0.7142857142857143,0.7857142857142856,0.6730769230769231
12,76,0.4562152961038365,0.09755133345105778,0.4462333704451057,0.7142857142857143,0.7692307692307692,0.7045454545454546
12,77,0.4702219183280853,0.0376361507702479,0.49214193090166675,0.8571428571428571,0.8571428571428572,0.859090909090909
12,78,0.5057206675098599,0.02376663568765072,0.47051269680248947,0.7619047619047619,0.7058823529411765,0.7596153846153846
12,79,0.4135493169417236,0.08871255953011858,0.4977381235281578,0.7619047619047619,0.8387096774193548,0.6875
12,80,0.36586130300565967,0.12445998747476858,0.5096787095195718,0.6666666666666666,0.7200000000000001,0.6772727272727272
12,81,0.45602596352179164,0.10261637012751093,0.44135766635069745,0.7142857142857143,0.7692307692307692,0.7045454545454546
12,82,0.5550543046360525,0.02437146528908724,0.4205742300748602,0.8571428571428571,0.8799999999999999,0.8605769230769231
12,83,0.3953939544334989,0.09190820148225981,0.5126978440842412,0.6190476190476191,0.5555555555555556,0.6136363636363635
12,84,0.4430209461181199,0.10925055752007914,0.447728496361801,0.8095238095238095,0.7142857142857143,0.875
12,85,0.497547332060118,0.09756207256053329,0.4048905953793487,0.8571428571428571,0.9032258064516129,0.7857142857142857
12,86,0.3798164864361678,0.10435778490651207,0.5158257286573202,0.7142857142857143,0.6666666666666666,0.8
12,87,0.4212156570156758,0.0904826595507574,0.4883016834335667,0.7619047619047619,0.8,0.7545454545454546
12,88,0.45219284851937586,0.027744061001483702,0.5200630904791405,0.7619047619047619,0.8148148148148148,0.7361111111111112
12,89,0.48576079850328474,0.09669182109517147,0.41754738040154377,0.7619047619047619,0.782608695652174,0.7916666666666666
12,90,0.3544287160980227,0.12443638839028125,0.5211348955116961,0.7142857142857143,0.6666666666666665,0.7090909090909091
12,91,0.4836315290551921,0.008087184710816396,0.5082812862339916,0.7619047619047619,0.7368421052631579,0.7836538461538463
12,92,0.4470704351395318,0.10756034860626823,0.4453692162542001,0.8095238095238095,0.8571428571428571,0.7740384615384615
12,93,0.3613788970882933,0.10280357807480385,0.5358175248369029,0.6666666666666666,0.6666666666666666,0.6805555555555556
12,94,0.4589284036477903,0.024945955717720035,0.5161256406344897,0.8095238095238095,0.8181818181818182,0.8090909090909092
12,95,0.555223350822816,0.10259055354288099,0.34218609563430297,0.8095238095238095,0.8750000000000001,0.7142857142857143
12,96,0.5676898558796385,0.008361885827343773,0.4239482582930177,0.7619047619047619,0.7826086956521738,0.7681818181818181
12,97,0.5401574699239277,0.037864791359703664,0.42197773871636873,0.8095238095238095,0.8,0.8333333333333333
12,98,0.4632423594552985,0.09523459339050444,0.44152304715419716,0.9047619047619048,0.9166666666666666,0.9
12,99,0.5312430697117081,0.12130739050448619,0.3474495397838059,0.8095238095238095,0.8181818181818182,0.8136363636363636
12,100,0.4324717255021819,0.0775857501327402,0.4899425243650779,0.7142857142857143,0.75,0.7227272727272727
24,1,0.5351364518059896,0.09740510385598784,0.3674584443380226,0.76,0.7857142857142856,0.7564102564102566
24,2,0.46162812269118,0.08376576269097956,0.45460611461784045,0.76,0.625,0.7242647058823529
24,3,0.3896252748132039,0.09751660665203919,0.5128581185347569,0.68,0.75,0.6904761904761905
24,4,0.5068443798785174,0.08105170430072352,0.41210391582075917,0.72,0.7586206896551725,0.75
24,5,0.4591777789833178,0.08948853401700058,0.4513336869996817,0.8,0.8148148148148148,0.8019480519480519
24,6,0.5174173408778183,0.08905984795651971,0.39352281116566196,0.8,0.8387096774193549,0.7833333333333333
24,7,0.5031546082259051,0.0838120756620829,0.41303331611201194,0.76,0.8235294117647058,0.7166666666666667
24,8,0.4786641262426083,0.1093569468973575,0.41197892686003423,0.92,0.9333333333333333,0.9090909090909091
24,9,0.4282801007000427,0.07293715996537573,0.49878273933458156,0.8,0.7826086956521738,0.801948051948052
24,10,0.4546230901390762,0.13341371015166806,0.41196319970925577,0.8,0.8387096774193549,0.7833333333333333
24,11,0.4165921201985376,0.09728361622262124,0.48612426357884114,0.68,0.7500000000000001,0.65
24,12,0.4942232118394517,0.13307479185018392,0.3727019963103644,0.88,0.888888888888889,0.8831168831168831
24,13,0.5255934821041782,0.08334883069345382,0.391057687202368,0.8,0.8648648648648648,0.7222222222222222
24,14,0.43418284183211947,0.08257314649810826,0.4832440116697723,0.76,0.7692307692307693,0.8
24,15,0.4963381392315934,0.022968953657677184,0.4806929071107294,0.84,0.8571428571428571,0.8376623376623377
24,16,0.4522082154088511,0.10605472382992688,0.441737060761222,0.84,0.8181818181818181,0.875
24,17,0.4236484046685501,0.09367350836314546,0.48267808696830444,0.88,0.896551724137931,0.875
24,18,0.4032390387352774,0.02811236114796997,0.5686486001167527,0.76,0.7692307692307692,0.775974025974026
24,19,0.43974839822700534,0.09104907727246422,0.4692025245005305,0.76,0.7272727272727272,0.7666666666666667
24,20,0.6106043085221197,0.016652796991564474,0.37274289448631576,0.76,0.7692307692307692,0.7628205128205129
24,21,0.4240907654933794,0.10976887078343606,0.46614036372318457,0.8,0.8148148148148148,0.8019480519480519
24,22,0.498628540876994,0.13206871139299384,0.3693027477300122,0.92,0.9444444444444444,0.875
24,23,0.5318761354189694,0.10661652823191721,0.36150733634911336,0.72,0.6956521739130435,0.7207792207792209
24,24,0.42614384829633667,0.11284073103568953,0.4610154206679738,0.88,0.8571428571428571,0.90625
24,25,0.4758637235935313,0.09628592865067562,0.42785034775579306,0.84,0.8750000000000001,0.8181818181818181
24,26,0.47154974048194875,0.09490409654531576,0.4335461629727355,0.64,0.5714285714285715,0.6458333333333333
24,27,0.5384474704142568,0.0342164985650037,0.4273360310207396,0.8,0.8275862068965518,0.7922077922077921
24,28,0.3986073405416936,0.10591032649707337,0.49548233296123306,0.8,0.7058823529411764,0.868421052631579
24,29,0.6387042359421846,0.020330028298885677,0.3409657357589297,0.76,0.8235294117647058,0.7166666666666667
24,30,0.467631449337854,0.09828197358584471,0.43408657707630127,0.76,0.8000000000000002,0.7532051282051281
24,31,0.4734230030626471,0.08966151315449232,0.43691548378286055,0.88,0.8571428571428571,0.90625
24,32,0.35384750146340216,0.09434147142732197,0.5518110271092759,0.64,0.64,0.6410256410256411
24,33,0.4813305153143172,0.11401164498104449,0.40465783970463837,0.8,0.8148148148148148,0.8044871794871795
24,34,0.4697803023647203,0.08621855317941103,0.4440011444558687,0.72,0.6666666666666666,0.7326388888888888
24,35,0.4311155334783933,0.10866824233965008,0.46021622418195673,0.84,0.8947368421052632,0.75
24,36,0.4778930360098696,0.08809504615143122,0.43401191783869925,0.76,0.8,0.7692307692307692
24,37,0.4596808245639814,0.08085861713814113,0.4594605582978775,0.72,0.7407407407407408,0.7243589743589745
24,38,0.5421319985846548,0.014621366320474154,0.4432466350948711,0.72,0.6956521739130435,0.7333333333333334
24,39,0.4131780724936986,0.06951207165326614,0.5173098558530352,0.84,0.846153846153846,0.8571428571428572
24,40,0.5142479968965541,0.08365098391827512,0.4021010191851709,0.8,0.8275862068965517,0.8076923076923077
24,41,0.4324375363025288,0.07800162095920844,0.48956084273826284,0.8,0.8275862068965517,0.7948717948717949
24,42,0.47824184930273805,0.10123854551825155,0.4205196051790104,0.76,0.7857142857142856,0.7564102564102566
24,43,0.5432715023249975,0.027416382139547266,0.42931211553545523,0.8,0.8148148148148148,0.8044871794871795
24,44,0.444473725429269,0.08857902646815016,0.46694724810258087,0.6,0.5454545454545454,0.6233766233766234
24,45,0.41676167928983715,0.1030766975516971,0.4801616231584658,0.76,0.8000000000000002,0.7532051282051281
24,46,0.38353959483518074,0.09098507135814188,0.5254753338066773,0.72,0.7741935483870968,0.7115384615384616
24,47,0.5282848463240585,0.10104311119201044,0.37067204248393104,0.84,0.8749999999999999,0.8166666666666667
24,48,0.5151048435841177,0.005334158707895832,0.47956099770798644,0.76,0.7999999999999999,0.7467532467532467
24,49,0.3742471450250736,0.09475724771982984,0.5309956072550966,0.76,0.6666666666666665,0.737012987012987
24,50,0.4647463922003972,0.12172366288089066,0.4135299449187121,0.92,0.9375,0.9131944444444444
24,51,0.5014313210064373,0.009704457946654166,0.4888642210469086,0.84,0.8666666666666666,0.827922077922078
24,52,0.4606341670938584,0.09519655851431487,0.4441692743918268,0.76,0.7857142857142857,0.7660256410256411
24,53,0.45209600191072863,0.03125983111001526,0.5166441669792561,0.8,0.8275862068965518,0.7922077922077921
24,54,0.42446036800891496,0.12492242414575268,0.45061720784533243,0.84,0.846153846153846,0.8571428571428572
24,55,0.5496868187867763,0.0956547518689715,0.3546584293442523,0.84,0.8571428571428571,0.8461538461538461
24,56,0.45246931365790877,0.08774371369031461,0.4597869726517767,0.8,0.8387096774193549,0.7824675324675325
24,57,0.41794276662068525,0.14240438530876032,0.4396528480705545,0.84,0.8571428571428571,0.8365384615384616
24,58,0.3871922692421842,0.07242605142585182,0.540381679331964,0.76,0.75,0.7833333333333334
24,59,0.6569584238006091,0.08279113283697923,0.2602504433624117,0.72,0.7586206896551725,0.75
24,60,0.6035231620803888,0.02342593858253153,0.3730508993370797,0.84,0.8749999999999999,0.8166666666666667
24,61,0.5085652247139855,0.07908413325385111,0.4123506420321634,0.72,0.7741935483870968,0.7307692307692308
24,62,0.3489995594170245,0.10624224779726857,0.544758192785707,0.68,0.5555555555555556,0.6558441558441559
24,63,0.4792824707377623,0.08213176551454328,0.4385857637476945,0.72,0.6956521739130436,0.7941176470588236
24,64,0.3930943411088991,0.11887202099448921,0.4880336378966117,0.76,0.7857142857142857,0.7660256410256411
24,65,0.4030878830387091,0.0803717636930034,0.5165403532682875,0.84,0.8333333333333333,0.8666666666666667
24,66,0.43251687373245024,0.11272075349522548,0.4547623727723243,0.84,0.8181818181818182,0.8376623376623378
24,67,0.44928042973928356,0.03919408435621647,0.5115254859045,0.76,0.7692307692307692,0.775974025974026
24,68,0.34613837716705653,0.09673062162791188,0.5571310012050317,0.8,0.782608695652174,0.8214285714285714
24,69,0.4961445720468854,0.004232515882538692,0.4996229120705759,0.8,0.8275862068965518,0.7922077922077921
24,70,0.6224953735602887,0.07237576666995106,0.3051288597697603,0.72,0.7741935483870968,0.7307692307692308
24,71,0.4604886059340725,0.01913938327547923,0.5203720107904484,0.76,0.7692307692307693,0.7596153846153846
24,72,0.41739986298612775,0.07733911513008544,0.5052610218837867,0.84,0.8333333333333333,0.8666666666666667
24,73,0.4445960308209863,0.03215396325064018,0.5232500059283735,0.84,0.8461538461538461,0.8429487179487177
24,74,0.4400779311231532,0.12596580536766522,0.4339562635091817,0.88,0.896551724137931,0.8733766233766233
24,75,0.46020101190355134,0.1080088072109558,0.43179018088549287,0.8,0.8484848484848484,0.7727272727272727
24,76,0.46937878133498506,0.0953185018144271,0.4353027168505878,0.88,0.8695652173913043,0.8782051282051283
24,77,0.46671137082483105,0.023098645493396287,0.5101899836817726,0.84,0.8333333333333333,0.8429487179487178
24,78,0.4604003843572426,0.09072825263622793,0.44887136300652947,0.84,0.8181818181818181,0.875
24,79,0.45882584036341767,0.024668076393845464,0.516506083242737,0.64,0.64,0.6666666666666666
24,80,0.530455294016432,0.02601972786155311,0.4435249781220149,0.76,0.7692307692307692,0.775974025974026
24,81,0.47750749538553766,0.016376280262420693,0.5061162243520416,0.64,0.6086956521739131,0.6701388888888888
24,82,0.5489492943715765,0.10199928726697188,0.3490514183614516,0.8,0.782608695652174,0.84375
24,83,0.5026302623712253,0.0190984468025716,0.4782712908262031,0.68,0.7142857142857142,0.6762820512820512
24,84,0.44971800913031257,0.1078337953976855,0.4424481954720018,0.88,0.9032258064516129,0.8666666666666668
24,85,0.4599884358730719,0.10696136079724619,0.4330502033296819,0.84,0.8461538461538461,0.8397435897435898
24,86,0.4254631261493353,0.08186598489884878,0.4926708889518158,0.72,0.6956521739130435,0.7569444444444444
24,87,0.4176341567962153,0.10961944061807133,0.4727464025857133,0.88,0.8799999999999999,0.8814102564102563
24,88,0.4537320929926262,0.10820004425342888,0.4380678627539449,0.84,0.8823529411764706,0.8020833333333334
24,89,0.4840297210550641,0.08918481930452114,0.42678545964041487,0.76,0.7272727272727272,0.7666666666666667
24,90,0.5055955282218177,0.009160443394123025,0.48524402838405917,0.84,0.8666666666666667,0.8333333333333334
24,91,0.38678881800336085,0.10798482972657145,0.5052263522700677,0.68,0.6923076923076923,0.6948051948051949
24,92,0.3960450964942943,0.10022845026009854,0.5037264532456072,0.64,0.6666666666666665,0.6499999999999999
24,93,0.4158826484972068,0.11613003615372446,0.46798731534906873,0.88,0.9090909090909091,0.85
24,94,0.38804239842999555,0.0876497802146173,0.5243078213553872,0.8,0.8148148148148148,0.8044871794871795
24,95,0.5653089680047063,0.00581000876877217,0.4288810232265215,0.76,0.8333333333333334,0.7023809523809524
24,96,0.47208728016769386,0.09515441668719253,0.4327583031451136,0.8,0.8148148148148148,0.8044871794871795
24,97,0.47799638627594115,0.0949900682394971,0.42701354548456183,0.8,0.8387096774193549,0.7824675324675325
24,98,0.41633218525685145,0.10410000724501907,0.4795678074981295,0.8,0.7826086956521738,0.8166666666666667
24,99,0.4664991229393943,0.11027178658889118,0.42322909047171464,0.76,0.8125,0.7333333333333333
24,100,0.48673061032675147,0.10703354775792563,0.40623584191532286,0.88,0.896551724137931,0.875
36,1,0.537136062849824,0.09753108041880625,0.3653328567313698,0.6666666666666666,0.6896551724137931,0.6761363636363636
36,2,0.42581569101205896,0.08327829852261918,0.49090601046532195,0.7037037037037037,0.6,0.6944444444444443
36,3,0.5042544870598205,0.08276332308225352,0.41298218985792595,0.7777777777777778,0.8500000000000001,0.6973684210526316
36,4,0.5347356169807608,0.08300018001131078,0.38226420300792857,0.7777777777777778,0.8125000000000001,0.771978021978022
36,5,0.6593715803024162,0.008122014617638628,0.33250640507994517,0.5925925925925926,0.6666666666666667,0.5851648351648351
36,6,0.4896959997760469,0.10113680857254949,0.40916719165140364,0.8148148148148148,0.8387096774193549,0.8153409090909091
36,7,0.4820406711987541,0.10058320053158283,0.4173761282696632,0.8518518518518519,0.8823529411764706,0.8611111111111112
36,8,0.4572530081729824,0.06570631109291926,0.4770406807340984,0.7037037037037037,0.6666666666666667,0.7073863636363636
36,9,0.4446942097230226,0.11894138411174016,0.43636440616523714,0.9259259259259259,0.9333333333333333,0.9230769230769231
36,10,0.5459561099516282,0.07913523788988233,0.37490865215848956,0.7777777777777778,0.8125,0.7666666666666668
36,11,0.49016972316063934,0.018278599473746507,0.49155167736561417,0.7777777777777778,0.8333333333333334,0.7500000000000002
36,12,0.5129935529147186,0.10349099757541035,0.383515449509871,0.7037037037037037,0.6666666666666666,0.7087912087912087
36,13,0.518368175788028,0.03278338509249677,0.4488484391194753,0.8518518518518519,0.875,0.8465909090909091
36,14,0.5073675571452617,0.07974621591232524,0.4128862269424131,0.7037037037037037,0.75,0.6978021978021978
36,15,0.6072735443312862,0.08398943995028223,0.30873701571843165,0.7407407407407407,0.7741935483870968,0.7362637362637363
36,16,0.49486255422575337,0.10620431665273984,0.39893312912150675,0.9629629629629629,0.962962962962963,0.9642857142857143
36,17,0.45756299600065675,0.11488816720555543,0.4275488367937879,0.8518518518518519,0.8333333333333333,0.8607954545454546
36,18,0.4848672156716743,0.08610961570224474,0.429023168626081,0.7777777777777778,0.823529411764706,0.7556818181818181
36,19,0.4554150535624499,0.09792322236243103,0.44666172407511906,0.7777777777777778,0.7692307692307692,0.7833333333333334
36,20,0.5421510486197937,0.06342837308518105,0.3944205782950253,0.7777777777777778,0.7692307692307692,0.7982954545454546
36,21,0.5240137030164083,0.07125465048194071,0.4047316465016511,0.7777777777777778,0.8235294117647058,0.7583333333333332
36,22,0.5033520093665897,0.01756869087010259,0.4790792997633077,0.7777777777777778,0.8000000000000002,0.7829670329670328
36,23,0.5303044285268962,0.08669488002886158,0.38300069144424226,0.7777777777777778,0.8000000000000002,0.775
36,24,0.48938747365592966,0.09583916686555263,0.4147733594785178,0.7407407407407407,0.7200000000000001,0.7528409090909091
36,25,0.5496113567919063,0.015582100809008358,0.4348065423990854,0.7777777777777778,0.7857142857142857,0.7774725274725274
36,26,0.4987526724617823,0.09803282713429377,0.40321450040392404,0.7777777777777778,0.8125000000000001,0.771978021978022
36,27,0.44880439753013235,0.06397586409711149,0.4872197383727562,0.7777777777777778,0.7999999999999999,0.7747252747252747
36,28,0.38869014752794295,0.07634424681604458,0.5349656056560125,0.9629629629629629,0.9565217391304348,0.96875
36,29,0.4239176937611368,0.07583769953307487,0.5002446067057883,0.5925925925925926,0.5925925925925927,0.6352941176470588
36,30,0.4534707250582411,0.007733494406868762,0.5387957805348902,0.8518518518518519,0.8571428571428571,0.8543956043956044
36,31,0.44211200887946767,0.08268662035720534,0.47520137076332697,0.7037037037037037,0.6666666666666666,0.7235294117647059
36,32,0.5087850351330931,0.10290287429468702,0.38831209057221977,0.7777777777777778,0.7857142857142856,0.7802197802197803
36,33,0.4562369972242136,0.08634718939725891,0.4574158133785275,0.7407407407407407,0.7407407407407408,0.7417582417582418
36,34,0.5551776074536799,0.06875665079708787,0.3760657417492323,0.7037037037037037,0.6666666666666667,0.75
36,35,0.4809997809462061,0.09373894488861861,0.42526127416517534,0.8888888888888888,0.9189189189189189,0.85
36,36,0.5159167350587147,0.07613138323948257,0.4079518817018027,0.7777777777777778,0.7857142857142858,0.8125
36,37,0.5183794345145142,0.062042192266982286,0.4195783732185035,0.7037037037037037,0.7500000000000001,0.6916666666666667
36,38,0.43084366320089634,0.07859370337644207,0.49056263342266154,0.8888888888888888,0.888888888888889,0.9
36,39,0.5154802041771973,0.0825835975414131,0.4019361982813897,0.7407407407407407,0.7586206896551725,0.78125
36,40,0.44890841894391276,0.08941670458758905,0.4616748764684981,0.7407407407407407,0.7741935483870968,0.7472527472527472
36,41,0.6535933771399977,0.0964108755090302,0.24999574735097213,0.7777777777777778,0.7692307692307692,0.7833333333333334
36,42,0.519254768194615,0.1051529782244705,0.3755922535809144,0.8888888888888888,0.9032258064516129,0.8833333333333333
36,43,0.4232219952977793,0.11248685844793005,0.46429114625429063,0.8888888888888888,0.9142857142857143,0.8636363636363636
36,44,0.5282605347163447,0.07701444894132001,0.3947250163423353,0.6666666666666666,0.6896551724137931,0.6703296703296703
36,45,0.48217721505715205,0.03707147347967752,0.48075131146317035,0.8148148148148148,0.8,0.8131868131868133
36,46,0.4869752523076456,0.09786598875527006,0.4151587589370843,0.8518518518518519,0.8749999999999999,0.8416666666666667
36,47,0.6341561938236081,0.0831635200392164,0.28268028613717555,0.7777777777777778,0.8125,0.7666666666666668
36,48,0.4464958265408247,0.08433553753686956,0.4691686359223058,0.6666666666666666,0.6666666666666667,0.7147058823529412
36,49,0.3760169718937219,0.08716530665619235,0.5368177214500857,0.7407407407407407,0.6956521739130435,0.7386363636363636
36,50,0.47549841671483006,0.029445614065601797,0.4950559692195681,0.8888888888888888,0.9032258064516129,0.8920454545454546
36,51,0.43965274127059795,0.08926074872071807,0.47108651000868407,0.6666666666666666,0.6896551724137931,0.6941176470588236
36,52,0.4831851918245651,0.01810679030933328,0.49870801786610164,0.8148148148148148,0.761904761904762,0.8011363636363636
36,53,0.4327793656971506,0.004330288927514635,0.5628903453753348,0.8148148148148148,0.8275862068965518,0.8131868131868132
36,54,0.45829880451037247,0.03136278933108485,0.5103384061585428,0.8888888888888888,0.8571428571428572,0.8778409090909091
36,55,0.46871356794509106,0.11542386834740019,0.4158625637075088,0.7777777777777778,0.7692307692307692,0.7916666666666666
36,56,0.4221255396681791,0.12098687991027485,0.45688758042154604,0.8888888888888888,0.896551724137931,0.8928571428571428
36,57,0.4712631366566313,0.09147830765081064,0.43725855569255817,0.7037037037037037,0.6923076923076923,0.7166666666666668
36,58,0.5492639757494768,0.08913499923173877,0.3616010250187845,0.7777777777777778,0.8125,0.7666666666666668
36,59,0.37421182421959587,0.141076742146741,0.48471143363366304,0.9259259259259259,0.9166666666666666,0.9375
36,60,0.7010628801596297,0.0050985248765076496,0.29383859496386266,0.7777777777777778,0.8000000000000002,0.7829670329670328
36,61,0.5082739286725477,0.0137722869759037,0.4779537843515486,0.7407407407407407,0.7741935483870968,0.7472527472527472
36,62,0.3719957236597366,0.11404437127900444,0.513959905061259,0.6296296296296297,0.5833333333333334,0.6346153846153846
36,63,0.5509194483954069,0.010604229430928628,0.4384763221736645,0.7777777777777778,0.7857142857142856,0.7802197802197803
36,64,0.43686577441930885,0.08650935842753395,0.47662486715315716,0.7407407407407407,0.7741935483870968,0.7472527472527472
36,65,0.4614009782906785,0.07998322234903364,0.4586157993602878,0.7407407407407407,0.7586206896551725,0.78125
36,66,0.4901949493467663,0.08626446667201604,0.42354058398121774,0.7037037037037037,0.6923076923076923,0.7441176470588236
36,67,0.5261740208473855,0.008693169145871189,0.4651328100067434,0.7777777777777778,0.8333333333333334,0.7414772727272727
36,68,0.4356991278239619,0.08774059852384827,0.4765602736521897,0.8148148148148148,0.8275862068965517,0.8186813186813187
36,69,0.4188090482834653,0.08869715406261601,0.4924937976539186,0.9629629629629629,0.9655172413793104,0.9615384615384616
36,70,0.5322038781397345,0.1407348647058792,0.3270612571543863,1.0,1.0,1.0
36,71,0.4604197648816734,0.11005203327370712,0.42952820184461954,0.8148148148148148,0.8275862068965518,0.8166666666666667
36,72,0.4871024263064056,0.07013585831436987,0.4427617153792245,0.7777777777777778,0.8,0.8
36,73,0.4815232043673306,0.0674258142383069,0.45105098139436256,0.7407407407407407,0.7407407407407407,0.7941176470588236
36,74,0.5056878332754208,0.007387341343437192,0.4869248253811421,0.7407407407407407,0.7741935483870968,0.7362637362637363
36,75,0.5666151118725496,0.08911545951641679,0.3442694286110336,0.7777777777777778,0.8571428571428571,0.6666666666666667
36,76,0.4778985512588796,0.11528932709348699,0.4068121216476335,0.8148148148148148,0.8,0.8333333333333333
36,77,0.5419848485076507,0.0,0.4580151514923492,0.8148148148148148,0.8571428571428571,0.7911764705882353
36,78,0.4361577591500637,0.09897171564875312,0.46487052520118316,0.8518518518518519,0.846153846153846,0.875
36,79,0.41263494277232365,0.08204677716007702,0.5053182800675994,0.6296296296296297,0.6874999999999999,0.7035714285714286
36,80,0.5211408995166369,0.09790168577612424,0.38095741470723893,0.8518518518518519,0.8666666666666666,0.8571428571428572
36,81,0.3775380381794541,0.10519346172031595,0.51726850010023,0.8148148148148148,0.7368421052631577,0.8055555555555555
36,82,0.4679452713050466,0.10812896367444122,0.42392576502051216,0.8888888888888888,0.888888888888889,0.8901098901098902
36,83,0.4980469738153202,0.09986336072403781,0.402089665460642,0.7407407407407407,0.8205128205128205,0.6666666666666666
36,84,0.5484741392579479,0.0976154285003029,0.35391043224174923,0.8518518518518519,0.8947368421052632,0.8
36,85,0.541635122777966,0.1016533274735094,0.3567115497485246,0.8148148148148148,0.8275862068965517,0.8186813186813187
36,86,0.43637982373679435,0.09032413348833733,0.4732960427748684,0.7777777777777778,0.7692307692307692,0.7982954545454546
36,87,0.5101601984185735,0.014079708437682737,0.47576009314374373,0.7777777777777778,0.7000000000000001,0.805921052631579
36,88,0.41870047079624134,0.0866259587796213,0.49467357042413734,0.7037037037037037,0.7142857142857143,0.7032967032967034
36,89,0.47014863376916693,0.06702896649392746,0.46282239973690564,0.7037037037037037,0.6666666666666667,0.75
36,90,0.48402717461579725,0.0688796626050833,0.44709316277911954,0.8148148148148148,0.8148148148148148,0.84375
36,91,0.48864491424027695,0.08491464881845906,0.4264404369412641,0.7777777777777778,0.8125000000000001,0.7857142857142857
36,92,0.5162018674065482,0.022920259297509044,0.4608778732959428,0.8148148148148148,0.8275862068965518,0.8131868131868132
36,93,0.4443118973296371,0.08894705389577404,0.4667410487745889,0.8148148148148148,0.8,0.8295454545454546
36,94,0.49743134212398116,0.10129665476542402,0.4012720031105948,0.7777777777777778,0.8125000000000001,0.771978021978022
36,95,0.397628508929436,0.09636178710540404,0.50600970396516,0.8888888888888888,0.9090909090909091,0.875
36,96,0.48978513778167226,0.11002575074404343,0.4001891114742843,0.8148148148148148,0.8484848484848484,0.8076923076923077
36,97,0.3979330587649534,0.09151903549926713,0.5105479057357795,0.9629629629629629,0.9655172413793104,0.9615384615384616
36,98,0.49656434894766416,0.0861128119536856,0.41732283909865026,0.7777777777777778,0.75,0.8029411764705882
36,99,0.4614308533187938,0.0953457719309798,0.4432233747502264,0.8148148148148148,0.8148148148148148,0.8250000000000001
36,100,0.6136372747458845,0.10491214166793544,0.28145058358618,0.8888888888888888,0.9142857142857143,0.8636363636363636
60,1,0.35510489641213355,0.200870111881787,0.4440249917060794,0.5862068965517241,0.5714285714285715,0.596153846153846
60,2,0.3613883251210556,0.20613267551424153,0.43247899936470274,0.6206896551724138,0.6206896551724138,0.6274038461538461
60,3,0.3645465427001043,0.21377788137672457,0.42167557592317123,0.5862068965517241,0.6666666666666666,0.5606060606060606
60,4,0.4761075062092608,0.1641760885006068,0.3597164052901325,0.6206896551724138,0.6451612903225806,0.6238095238095238
60,5,0.3646416897379509,0.16282161673523152,0.4725366935268176,0.7931034482758621,0.8125,0.7904761904761906
60,6,0.36092765565182267,0.15927395412743217,0.4797983902207452,0.6206896551724138,0.6206896551724138,0.6214285714285714
60,7,0.5026668374569219,0.12188400996462155,0.3754491525784567,0.7241379310344828,0.7894736842105263,0.6947368421052632
60,8,0.36654556413233713,0.19083990230248724,0.4426145335651756,0.6896551724137931,0.6666666666666665,0.6985294117647058
60,9,0.3860571777657349,0.28512476067721515,0.32881806155704996,0.6206896551724138,0.6206896551724138,0.6274038461538461
60,10,0.3851734710613652,0.07849427584065145,0.5363322530979834,0.6206896551724138,0.6206896551724138,0.6214285714285714
60,11,0.3243796663700272,0.2696679486170546,0.4059523850129183,0.5862068965517241,0.6,0.6368421052631579
60,12,0.3364112886744865,0.2313921516596762,0.4321965596658374,0.6206896551724138,0.6451612903225806,0.6201923076923077
60,13,0.3798938526808584,0.15599500377437844,0.4641111435447632,0.5862068965517241,0.6666666666666667,0.5612745098039216
60,14,0.3413870742206025,0.28233078104782944,0.3762821447315682,0.7241379310344828,0.7142857142857143,0.7401960784313726
60,15,0.3243690167309034,0.1415450815805443,0.5340859016885524,0.6896551724137931,0.742857142857143,0.6754807692307692
60,16,0.3758725046556605,0.1749918889515686,0.4491356063927709,0.6206896551724138,0.5217391304347826,0.6060606060606062
60,17,0.39532904113785666,0.21461782815577407,0.3900531307063693,0.6551724137931034,0.6666666666666666,0.6547619047619047
60,18,0.39043374425059274,0.16578024101606453,0.4437860147333428,0.5862068965517241,0.6,0.5857142857142856
60,19,0.3574491845120804,0.15967198708934296,0.48287882839857665,0.5517241379310345,0.5517241379310345,0.5686274509803921
60,20,0.3691835133125495,0.17876750660352936,0.4520489800839212,0.6896551724137931,0.6896551724137931,0.6971153846153847
60,21,0.33741414022084887,0.20344112638502193,0.4591447333941292,0.6551724137931034,0.6875,0.6523809523809524
60,22,0.447790463956108,0.15740362141842248,0.3948059146254695,0.5862068965517241,0.6,0.6136363636363635
60,23,0.3769668715929896,0.21557455800869316,0.4074585703983173,0.7241379310344828,0.6923076923076924,0.7279411764705881
60,24,0.4284003026835683,0.1327169294268523,0.4388827678895795,0.5862068965517241,0.5384615384615384,0.5817307692307692
60,25,0.42998196123290006,0.15923289945439842,0.4107851393127015,0.5862068965517241,0.6470588235294118,0.5745192307692307
60,26,0.4688532400206227,0.0,0.5311467599793773,0.6551724137931034,0.6428571428571429,0.6547619047619049
60,27,0.37272867373913854,0.1967442221337841,0.43052710412707734,0.6896551724137931,0.7567567567567567,0.6682692307692308
60,28,0.38206827957085066,0.24852886380843822,0.36940285662071104,0.7586206896551724,0.6956521739130435,0.7450980392156862
60,29,0.35888359359988214,0.18627893573464493,0.4548374706654731,0.6551724137931034,0.6875,0.6568627450980393
60,30,0.4445965903823517,0.2126063387905653,0.342797070827083,0.6551724137931034,0.7222222222222222,0.6338383838383839
60,31,0.4289074764763411,0.06382302265613783,0.5072695008675211,0.6206896551724138,0.56,0.6237373737373737
60,32,0.40306696062121405,0.17932677782578077,0.4176062615530051,0.6206896551724138,0.6451612903225806,0.6238095238095238
60,33,0.44980560893475807,0.0682872769799013,0.48190711408534065,0.6206896551724138,0.6857142857142857,0.6029411764705883
60,34,0.2328932785938075,0.12485390117211982,0.6422528202340727,0.4482758620689655,0.33333333333333337,0.4472222222222222
60,35,0.3898879553914224,0.3321291412269428,0.2779829033816348,0.6206896551724138,0.6206896551724137,0.659090909090909
60,36,0.3010105400575674,0.27897707210963746,0.4200123878327951,0.6206896551724138,0.7027027027027027,0.5883838383838385
60,37,0.3468342478114357,0.1806990037851665,0.4724667484033978,0.6551724137931034,0.6428571428571429,0.6571428571428573
60,38,0.30425922308597225,0.21458620183157534,0.4811545750824525,0.6896551724137931,0.689655172413793,0.6904761904761906
60,39,0.4359636403406737,0.1944739696656809,0.3695623899936455,0.5517241379310345,0.5806451612903226,0.5649038461538461
60,40,0.37826174375791566,0.12118154438759668,0.5005567118544877,0.5172413793103449,0.5625,0.5142857142857143
60,41,0.40930477180926333,0.22041067878569356,0.370284549405043,0.6896551724137931,0.6666666666666666,0.704326923076923
60,42,0.29790238780487355,0.23882490819728708,0.4632727039978393,0.6206896551724138,0.6666666666666666,0.6166666666666667
60,43,0.38166514555012954,0.2641125541912006,0.35422230025866985,0.6206896551724138,0.5925925925925927,0.6190476190476191
60,44,0.37184129826256723,0.11826485755003388,0.5098938441873989,0.6206896551724138,0.6206896551724138,0.6214285714285714
60,45,0.364302049018141,0.25313761154796516,0.3825603394338939,0.6206896551724138,0.5925925925925927,0.6190476190476191
60,46,0.4240669929143282,0.12200594621026022,0.4539270608754116,0.5517241379310345,0.5517241379310345,0.5858585858585859
60,47,0.4724163859589858,0.0,0.5275836140410143,0.5517241379310345,0.6060606060606061,0.5432692307692307
60,48,0.3184856238081312,0.2781160060742962,0.40339837011757246,0.6551724137931034,0.7058823529411765,0.6442307692307692
60,49,0.4064216052375263,0.1211085694796638,0.47246982528280995,0.5862068965517241,0.5,0.5894736842105264
60,50,0.5337457296832131,0.09300333817069946,0.37325093214608746,0.5862068965517241,0.625,0.5833333333333333
60,51,0.4745376055276944,0.10587705193908763,0.41958534253321783,0.6206896551724138,0.7027027027027027,0.5921052631578947
60,52,0.3757423693983828,0.23222275054738448,0.39203488005423276,0.6896551724137931,0.5714285714285714,0.7467532467532467
60,53,0.3320866802756284,0.23567175146289865,0.4322415682614729,0.6551724137931034,0.6666666666666666,0.713157894736842
60,54,0.37144158956192996,0.22750606100107862,0.40105234943699136,0.6551724137931034,0.6666666666666666,0.6547619047619047
60,55,0.3788207403713068,0.26005071347476033,0.36112854615393275,0.6896551724137931,0.6086956521739131,0.6792929292929292
60,56,0.4979820903379622,0.21099575349512054,0.29102215616691735,0.6551724137931034,0.5833333333333334,0.6442307692307692
60,57,0.36815196601436806,0.24382134279313541,0.3880266911924966,0.4827586206896552,0.44444444444444436,0.5578947368421053
60,58,0.3979941348875588,0.16408531496499193,0.4379205501474493,0.4482758620689655,0.38461538461538464,0.4639423076923077
60,59,0.4165895521590823,0.1444492442468287,0.43896120359408913,0.5172413793103449,0.4615384615384615,0.536842105263158
60,60,0.3842918755661721,0.22023049198363742,0.39547763245019046,0.6551724137931034,0.6875,0.6730769230769231
60,61,0.3459193449015576,0.16459197116927868,0.4894886839291637,0.6896551724137931,0.7096774193548386,0.6899038461538463
60,62,0.5062874449630864,0.0402505700952614,0.45346198494165213,0.4482758620689655,0.5294117647058824,0.43181818181818177
60,63,0.3476272766946421,0.2746009063797198,0.3777718169256381,0.7241379310344828,0.7333333333333334,0.7261904761904762
60,64,0.36420823535645286,0.09825381397768396,0.5375379506658633,0.6896551724137931,0.7096774193548387,0.75
60,65,0.35682788554473055,0.21850857145819103,0.42466354299707837,0.6896551724137931,0.64,0.7157894736842105
60,66,0.39915137052004684,0.0,0.6008486294799532,0.6206896551724138,0.6206896551724139,0.6397058823529411
60,67,0.26537832945207385,0.2709036003894701,0.46371807015845606,0.6896551724137931,0.7272727272727272,0.6826923076923078
60,68,0.4210953490102143,0.16151736114924328,0.4173872898405426,0.5172413793103449,0.41666666666666663,0.5048076923076923
60,69,0.3711488443513408,0.27934615318806133,0.3495050024605979,0.6551724137931034,0.5833333333333334,0.6802884615384617
60,70,0.4035136515161349,0.18850375365251265,0.40798259483135263,0.6551724137931034,0.7058823529411765,0.65
60,71,0.4884094473774372,0.21853101480281997,0.2930595378197429,0.6206896551724138,0.6857142857142857,0.6142857142857143
60,72,0.34750301073604556,0.21871074689233028,0.43378624237162405,0.7931034482758621,0.8000000000000002,0.8052884615384616
60,73,0.36875879513840004,0.15696400970641325,0.4742771951551867,0.5517241379310345,0.5185185185185186,0.5504807692307692
60,74,0.45190828672041083,0.18004436070468968,0.3680473525748995,0.7931034482758621,0.823529411764706,0.7836538461538463
60,75,0.384400847009742,0.14849265398814007,0.46710649900211804,0.6206896551724138,0.6451612903225806,0.619047619047619
60,76,0.364830811946741,0.21178315989117885,0.42338602816208026,0.6206896551724138,0.56,0.6166666666666667
60,77,0.3692409999210963,0.21745949215224755,0.4132995079266562,0.7586206896551724,0.787878787878788,0.7573529411764706
60,78,0.41898907905589455,0.16592125770798385,0.4150896632361216,0.5172413793103449,0.4615384615384615,0.536842105263158
60,79,0.37384519740809613,0.22859197840889578,0.39756282418300803,0.4482758620689655,0.3846153846153846,0.5025252525252525
60,80,0.46418265632951905,0.21264218380341457,0.32317515986706646,0.5862068965517241,0.6470588235294118,0.5782828282828283
60,81,0.3188755306340465,0.2324000633898918,0.44872440597606167,0.6206896551724138,0.5925925925925926,0.6238095238095237
60,82,0.33083784705321306,0.21219952934815553,0.4569626235986313,0.6206896551724138,0.6206896551724138,0.6274038461538461
60,83,0.3865617656470596,0.13098448366684362,0.4824537506860967,0.6551724137931034,0.6875000000000001,0.6595238095238095
60,84,0.36499845490760213,0.16421207182008407,0.4707894732723138,0.6206896551724138,0.6451612903225806,0.619047619047619
60,85,0.4476594582821416,0.12365683895006896,0.42868370276778955,0.5862068965517241,0.6000000000000001,0.5880952380952381
60,86,0.37764062490469674,0.16453330930894328,0.45782606578636004,0.6551724137931034,0.6428571428571429,0.6691176470588236
60,87,0.45149314218348574,0.14187732680677764,0.4066295310097367,0.5517241379310345,0.5517241379310345,0.5576923076923077
60,88,0.37420590431521655,0.2735471076987726,0.3522469879860109,0.7931034482758621,0.8235294117647058,0.7867647058823529
60,89,0.3427418228005602,0.2275922918457433,0.4296658853536965,0.6206896551724138,0.5925925925925926,0.6414141414141414
60,90,0.29946795342654536,0.20072675436005588,0.4998052922133987,0.5862068965517241,0.5384615384615385,0.5959595959595959
60,91,0.40314123748329406,0.10494446071747501,0.49191430179923096,0.5862068965517241,0.5999999999999999,0.5961538461538461
60,92,0.35091059516189443,0.19366281795467227,0.45542658688343335,0.6551724137931034,0.6428571428571429,0.6691176470588236
60,93,0.31747334813779526,0.2001117191779334,0.4824149326842713,0.5517241379310345,0.5806451612903226,0.5547619047619048
60,94,0.38018010305955685,0.17082634549900014,0.44899355144144304,0.7931034482758621,0.8125000000000001,0.7976190476190477
60,95,0.3191864641022424,0.22736311285581579,0.45345042304194194,0.7931034482758621,0.8421052631578948,0.7626262626262625
60,96,0.5180884468232206,0.12849183144579446,0.3534197217309849,0.6206896551724138,0.6857142857142857,0.6285714285714286
60,97,0.35104171973593445,0.22438747066764292,0.4245708095964225,0.6551724137931034,0.6875,0.6514423076923077
60,98,0.395428208230759,0.14284577544993216,0.46172601631930893,0.7241379310344828,0.6666666666666667,0.7247474747474747
60,99,0.38643186791514855,0.24128261444997068,0.3722855176348808,0.7241379310344828,0.7333333333333334,0.7261904761904762
60,100,0.36744984788281787,0.22673198718271576,0.4058181649344665,0.6206896551724138,0.5925925925925926,0.6274509803921569
